model,power,use_shift,gamma,epsilon,accuracy,suppressed_matches,harm_rate
B30,1,False,0.0,0.0,0.9920000433921814,0.0,0.0
B30,1,False,0.0,0.025,0.5480000376701355,0.0,0.0
B30,1,False,0.0,0.05,0.10400000214576721,0.0,0.0
B30,1,False,0.0,0.075,0.0,0.0,0.0
B30,1,False,0.0,0.1,0.0,0.0,0.0
B30,1,False,0.0,0.125,0.0,0.0,0.0
B30,1,False,0.0,0.15,0.0,0.0,0.0
B30,1,False,0.0,0.175,0.0,0.0,0.0
B30,1,False,0.0,0.2,0.0,0.0,0.0
B30,1,False,10.0,0.0,0.984000027179718,0.0,1.6
B30,1,False,10.0,0.025,0.7080000042915344,39.63963963963964,1.2
B30,1,False,10.0,0.05,0.2240000069141388,14.09090909090909,1.6
B30,1,False,10.0,0.075,0.012000000104308128,0.8032128514056224,0.0
B30,1,False,10.0,0.1,0.0,0.0,0.0
B30,1,False,10.0,0.125,0.0,0.0,0.0
B30,1,False,10.0,0.15,0.0,0.0,0.0
B30,1,False,10.0,0.175,0.0,0.4,0.0
B30,1,False,10.0,0.2,0.0,0.0,0.0
B30,1,False,15.0,0.0,0.9800000190734863,0.0,2.0
B30,1,False,15.0,0.025,0.7640000581741333,54.310344827586206,1.6
B30,1,False,15.0,0.05,0.24800001084804535,22.321428571428573,1.6
B30,1,False,15.0,0.075,0.02800000086426735,4.0,0.0
B30,1,False,15.0,0.1,0.004000000189989805,0.0,0.0
B30,1,False,15.0,0.125,0.0,0.0,0.0
B30,1,False,15.0,0.15,0.004000000189989805,0.4,0.0
B30,1,False,15.0,0.175,0.0,0.0,0.0
B30,1,False,15.0,0.2,0.0,0.0,0.0
B30,1,False,20.0,0.0,0.9720000624656677,0.0,3.5999999999999996
B30,1,False,20.0,0.025,0.784000039100647,60.17699115044248,1.2
B30,1,False,20.0,0.05,0.35200002789497375,32.126696832579185,2.0
B30,1,False,20.0,0.075,0.10000000149011612,10.0,0.0
B30,1,False,20.0,0.1,0.00800000037997961,0.8,0.0
B30,1,False,20.0,0.125,0.0,0.4,0.0
B30,1,False,20.0,0.15,0.0,0.4,0.0
B30,1,False,20.0,0.175,0.0,0.4,0.0
B30,1,False,20.0,0.2,0.0,0.0,0.0
B30,1,False,25.0,0.0,0.9520000219345093,0.0,4.8
B30,1,False,25.0,0.025,0.796000063419342,60.17699115044248,1.6
B30,1,False,25.0,0.05,0.41600000858306885,39.44954128440367,2.0
B30,1,False,25.0,0.075,0.12000000476837158,14.056224899598394,0.0
B30,1,False,25.0,0.1,0.012000000104308128,2.8000000000000003,0.0
B30,1,False,25.0,0.125,0.00800000037997961,1.2,0.0
B30,1,False,25.0,0.15,0.0,0.4,0.0
B30,1,False,25.0,0.175,0.004000000189989805,0.8,0.0
B30,1,False,25.0,0.2,0.0,0.0,0.0
B30,1,False,30.0,0.0,0.9320000410079956,0.0,7.6
B30,1,False,30.0,0.025,0.8040000200271606,65.76576576576578,2.0
B30,1,False,30.0,0.05,0.4440000355243683,47.03196347031963,2.4
B30,1,False,30.0,0.075,0.18000000715255737,21.86234817813765,0.0
B30,1,False,30.0,0.1,0.04400000348687172,4.3999999999999995,0.0
B30,1,False,30.0,0.125,0.020000001415610313,2.8000000000000003,0.0
B30,1,False,30.0,0.15,0.012000000104308128,1.6,0.0
B30,1,False,30.0,0.175,0.00800000037997961,0.8,0.0
B30,1,False,30.0,0.2,0.0,0.0,0.0
B30,1,False,35.0,0.0,0.9040000438690186,0.0,9.6
B30,1,False,35.0,0.025,0.800000011920929,63.06306306306306,2.8000000000000003
B30,1,False,35.0,0.05,0.5120000243186951,53.09734513274337,1.6
B30,1,False,35.0,0.075,0.2120000123977661,27.419354838709676,0.4
B30,1,False,35.0,0.1,0.08400000631809235,11.200000000000001,0.0
B30,1,False,35.0,0.125,0.024000000208616257,4.3999999999999995,0.0
B30,1,False,35.0,0.15,0.01600000075995922,1.2,0.0
B30,1,False,35.0,0.175,0.02800000086426735,3.2,0.0
B30,1,False,35.0,0.2,0.012000000104308128,0.8,0.0
B30,1,False,40.0,0.0,0.8600000143051147,0.0,12.8
B30,1,False,40.0,0.025,0.812000036239624,63.716814159292035,3.5999999999999996
B30,1,False,40.0,0.05,0.5080000162124634,58.55855855855856,2.4
B30,1,False,40.0,0.075,0.2639999985694885,30.522088353413658,0.0
B30,1,False,40.0,0.1,0.11600000411272049,15.2,0.0
B30,1,False,40.0,0.125,0.0560000017285347,6.800000000000001,0.0
B30,1,False,40.0,0.15,0.02800000086426735,3.5999999999999996,0.0
B30,1,False,40.0,0.175,0.04000000283122063,3.2,0.0
B30,1,False,40.0,0.2,0.012000000104308128,1.2,0.0
B30,1,False,45.0,0.0,0.8400000333786011,0.0,14.399999999999999
B30,1,False,45.0,0.025,0.7880000472068787,66.08695652173913,4.8
B30,1,False,45.0,0.05,0.5480000376701355,60.26785714285714,2.4
B30,1,False,45.0,0.075,0.3400000035762787,42.168674698795186,0.0
B30,1,False,45.0,0.1,0.1600000113248825,22.0,0.0
B30,1,False,45.0,0.125,0.06800000369548798,10.4,0.0
B30,1,False,45.0,0.15,0.04000000283122063,6.4,0.0
B30,1,False,45.0,0.175,0.03200000151991844,2.8000000000000003,0.0
B30,1,False,45.0,0.2,0.020000001415610313,1.2,0.0
B30,1,False,50.0,0.0,0.8280000686645508,0.0,16.400000000000002
B30,1,False,50.0,0.025,0.796000063419342,64.60176991150442,4.3999999999999995
B30,1,False,50.0,0.05,0.6000000238418579,63.55555555555556,2.0
B30,1,False,50.0,0.075,0.34800001978874207,39.516129032258064,0.4
B30,1,False,50.0,0.1,0.18400001525878906,24.8,0.0
B30,1,False,50.0,0.125,0.07200000435113907,12.4,0.0
B30,1,False,50.0,0.15,0.06000000238418579,6.800000000000001,0.0
B30,1,False,50.0,0.175,0.052000001072883606,6.800000000000001,0.0
B30,1,False,50.0,0.2,0.02800000086426735,4.0,0.0
B30,1,False,55.0,0.0,0.8160000443458557,0.0,18.0
B30,1,False,55.0,0.025,0.7920000553131104,65.8119658119658,4.0
B30,1,False,55.0,0.05,0.6040000319480896,64.0909090909091,2.4
B30,1,False,55.0,0.075,0.3960000276565552,45.16129032258064,0.4
B30,1,False,55.0,0.1,0.2160000056028366,28.000000000000004,0.0
B30,1,False,55.0,0.125,0.13600000739097595,19.2,0.0
B30,1,False,55.0,0.15,0.08000000566244125,11.600000000000001,0.0
B30,1,False,55.0,0.175,0.06400000303983688,7.6,0.0
B30,1,False,55.0,0.2,0.03200000151991844,3.2,0.0
B30,1,False,60.0,0.0,0.7800000309944153,0.0,20.4
B30,1,False,60.0,0.025,0.7920000553131104,66.3716814159292,4.3999999999999995
B30,1,False,60.0,0.05,0.628000020980835,67.40088105726872,1.6
B30,1,False,60.0,0.075,0.4360000193119049,49.596774193548384,0.4
B30,1,False,60.0,0.1,0.2680000066757202,33.6,0.0
B30,1,False,60.0,0.125,0.11600000411272049,19.2,0.0
B30,1,False,60.0,0.15,0.07600000500679016,12.4,0.0
B30,1,False,60.0,0.175,0.04800000041723251,8.0,0.0
B30,1,False,60.0,0.2,0.06400000303983688,7.6,0.0
B30,1,False,65.0,0.0,0.7800000309944153,0.0,22.0
B30,1,False,65.0,0.025,0.796000063419342,63.63636363636363,6.0
B30,1,False,65.0,0.05,0.6360000371932983,68.88888888888889,2.8000000000000003
B30,1,False,65.0,0.075,0.4360000193119049,52.82258064516129,0.4
B30,1,False,65.0,0.1,0.29200002551078796,36.0,0.0
B30,1,False,65.0,0.125,0.15200001001358032,23.200000000000003,0.0
B30,1,False,65.0,0.15,0.10000000149011612,14.000000000000002,0.0
B30,1,False,65.0,0.175,0.08400000631809235,10.0,0.0
B30,1,False,65.0,0.2,0.06400000303983688,7.6,0.0
B30,1,False,70.0,0.0,0.7680000066757202,0.0,24.0
B30,1,False,70.0,0.025,0.796000063419342,67.24137931034483,6.4
B30,1,False,70.0,0.05,0.6320000290870667,68.44444444444444,2.0
B30,1,False,70.0,0.075,0.47200003266334534,58.06451612903226,0.4
B30,1,False,70.0,0.1,0.320000022649765,38.55421686746988,0.0
B30,1,False,70.0,0.125,0.20800000429153442,26.8,0.0
B30,1,False,70.0,0.15,0.14400000870227814,20.0,0.0
B30,1,False,70.0,0.175,0.1080000028014183,11.600000000000001,0.0
B30,1,False,70.0,0.2,0.07200000435113907,10.4,0.0
B30,1,False,75.0,0.0,0.7520000338554382,0.0,24.4
B30,1,False,75.0,0.025,0.7880000472068787,66.66666666666666,7.199999999999999
B30,1,False,75.0,0.05,0.656000018119812,69.05829596412556,2.4
B30,1,False,75.0,0.075,0.5,58.87096774193549,0.4
B30,1,False,75.0,0.1,0.3440000116825104,44.4,0.0
B30,1,False,75.0,0.125,0.23600001633167267,32.0,0.0
B30,1,False,75.0,0.15,0.1600000113248825,23.599999999999998,0.0
B30,1,False,75.0,0.175,0.10400000214576721,17.2,0.0
B30,1,False,75.0,0.2,0.06000000238418579,9.2,0.0
B30,1,False,80.0,0.0,0.7400000095367432,0.0,26.400000000000002
B30,1,False,80.0,0.025,0.7880000472068787,68.10344827586206,6.4
B30,1,False,80.0,0.05,0.6520000100135803,67.42081447963801,2.8000000000000003
B30,1,False,80.0,0.075,0.5120000243186951,56.451612903225815,0.4
B30,1,False,80.0,0.1,0.3880000114440918,45.6,0.0
B30,1,False,80.0,0.125,0.2680000066757202,34.0,0.0
B30,1,False,80.0,0.15,0.18800000846385956,26.8,0.0
B30,1,False,80.0,0.175,0.13600000739097595,17.599999999999998,0.0
B30,1,False,80.0,0.2,0.10000000149011612,13.600000000000001,0.0
B30,2,False,0.0,0.0,0.9920000433921814,0.0,0.0
B30,2,False,0.0,0.025,0.5120000243186951,0.0,0.0
B30,2,False,0.0,0.05,0.08400000631809235,0.0,0.0
B30,2,False,0.0,0.075,0.0,0.0,0.0
B30,2,False,0.0,0.1,0.0,0.0,0.0
B30,2,False,0.0,0.125,0.0,0.0,0.0
B30,2,False,0.0,0.15,0.0,0.0,0.0
B30,2,False,0.0,0.175,0.0,0.0,0.0
B30,2,False,0.0,0.2,0.0,0.0,0.0
B30,2,False,10.0,0.0,0.9880000352859497,0.0,1.2
B30,2,False,10.0,0.025,0.7480000257492065,47.008547008547005,0.8
B30,2,False,10.0,0.05,0.2760000228881836,20.81447963800905,0.8
B30,2,False,10.0,0.075,0.01600000075995922,4.016064257028113,0.0
B30,2,False,10.0,0.1,0.004000000189989805,0.4,0.0
B30,2,False,10.0,0.125,0.004000000189989805,0.0,0.0
B30,2,False,10.0,0.15,0.0,0.0,0.0
B30,2,False,10.0,0.175,0.0,0.0,0.0
B30,2,False,10.0,0.2,0.0,0.0,0.0
B30,2,False,15.0,0.0,0.9800000190734863,0.0,2.0
B30,2,False,15.0,0.025,0.7760000228881836,58.92857142857143,1.6
B30,2,False,15.0,0.05,0.3920000195503235,33.33333333333333,1.2
B30,2,False,15.0,0.075,0.1120000034570694,15.2,0.0
B30,2,False,15.0,0.1,0.024000000208616257,2.8000000000000003,0.0
B30,2,False,15.0,0.125,0.00800000037997961,0.8,0.0
B30,2,False,15.0,0.15,0.0,0.4,0.0
B30,2,False,15.0,0.175,0.0,0.4,0.0
B30,2,False,15.0,0.2,0.004000000189989805,0.4,0.0
B30,2,False,20.0,0.0,0.9720000624656677,0.0,3.5999999999999996
B30,2,False,20.0,0.025,0.800000011920929,62.16216216216216,1.6
B30,2,False,20.0,0.05,0.4480000138282776,45.13274336283185,1.2
B30,2,False,20.0,0.075,0.20800000429153442,22.983870967741936,0.0
B30,2,False,20.0,0.1,0.052000001072883606,6.4,0.0
B30,2,False,20.0,0.125,0.01600000075995922,3.2,0.0
B30,2,False,20.0,0.15,0.004000000189989805,0.8,0.0
B30,2,False,20.0,0.175,0.020000001415610313,2.0,0.0
B30,2,False,20.0,0.2,0.0,0.0,0.0
B30,2,False,25.0,0.0,0.9440000653266907,0.0,5.2
B30,2,False,25.0,0.025,0.8080000281333923,65.21739130434783,2.0
B30,2,False,25.0,0.05,0.5,52.488687782805435,2.4
B30,2,False,25.0,0.075,0.29600000381469727,31.72690763052209,0.0
B30,2,False,25.0,0.1,0.13600000739097595,17.2,0.0
B30,2,False,25.0,0.125,0.08000000566244125,8.799999999999999,0.0
B30,2,False,25.0,0.15,0.04800000041723251,6.0,0.0
B30,2,False,25.0,0.175,0.012000000104308128,1.6,0.0
B30,2,False,25.0,0.2,0.020000001415610313,1.2,0.0
B30,2,False,30.0,0.0,0.9240000247955322,0.0,7.6
B30,2,False,30.0,0.025,0.796000063419342,64.95726495726495,2.8000000000000003
B30,2,False,30.0,0.05,0.5560000538825989,57.20720720720721,1.6
B30,2,False,30.0,0.075,0.3400000035762787,38.800000000000004,0.0
B30,2,False,30.0,0.1,0.20400001108646393,26.400000000000002,0.0
B30,2,False,30.0,0.125,0.10400000214576721,14.000000000000002,0.0
B30,2,False,30.0,0.15,0.08800000697374344,9.2,0.0
B30,2,False,30.0,0.175,0.0560000017285347,6.4,0.0
B30,2,False,30.0,0.2,0.02800000086426735,3.2,0.0
B30,2,False,35.0,0.0,0.9000000357627869,0.0,9.6
B30,2,False,35.0,0.025,0.8040000200271606,65.8119658119658,3.2
B30,2,False,35.0,0.05,0.6000000238418579,64.70588235294117,2.0
B30,2,False,35.0,0.075,0.3840000033378601,46.37096774193548,0.4
B30,2,False,35.0,0.1,0.24000000953674316,32.4,0.0
B30,2,False,35.0,0.125,0.15600000321865082,22.400000000000002,0.0
B30,2,False,35.0,0.15,0.10400000214576721,14.399999999999999,0.0
B30,2,False,35.0,0.175,0.04000000283122063,7.6,0.0
B30,2,False,35.0,0.2,0.06000000238418579,8.0,0.0
B30,2,False,40.0,0.0,0.8680000305175781,0.0,12.0
B30,2,False,40.0,0.025,0.8080000281333923,66.3716814159292,3.2
B30,2,False,40.0,0.05,0.6320000290870667,65.929203539823,2.0
B30,2,False,40.0,0.075,0.46800002455711365,51.80722891566265,0.4
B30,2,False,40.0,0.1,0.29200002551078796,38.0,0.0
B30,2,False,40.0,0.125,0.20800000429153442,26.400000000000002,0.0
B30,2,False,40.0,0.15,0.13199999928474426,19.2,0.0
B30,2,False,40.0,0.175,0.10000000149011612,13.200000000000001,0.0
B30,2,False,40.0,0.2,0.06400000303983688,9.2,0.0
B30,2,False,45.0,0.0,0.8440000414848328,0.0,14.399999999999999
B30,2,False,45.0,0.025,0.8040000200271606,65.78947368421053,5.6000000000000005
B30,2,False,45.0,0.05,0.656000018119812,68.28193832599119,2.4
B30,2,False,45.0,0.075,0.48000001907348633,52.82258064516129,0.4
B30,2,False,45.0,0.1,0.3400000035762787,41.6,0.0
B30,2,False,45.0,0.125,0.24400001764297485,28.799999999999997,0.0
B30,2,False,45.0,0.15,0.18000000715255737,26.0,0.0
B30,2,False,45.0,0.175,0.12000000476837158,20.0,0.0
B30,2,False,45.0,0.2,0.07600000500679016,14.399999999999999,0.0
B30,2,False,50.0,0.0,0.8320000171661377,0.0,15.6
B30,2,False,50.0,0.025,0.8040000200271606,67.82608695652173,5.2
B30,2,False,50.0,0.05,0.6480000019073486,68.16143497757847,2.8000000000000003
B30,2,False,50.0,0.075,0.5,56.85483870967742,0.4
B30,2,False,50.0,0.1,0.3720000088214874,44.4,0.0
B30,2,False,50.0,0.125,0.2880000174045563,32.800000000000004,0.0
B30,2,False,50.0,0.15,0.23200000822544098,29.2,0.0
B30,2,False,50.0,0.175,0.15200001001358032,20.0,0.0
B30,2,False,50.0,0.2,0.13199999928474426,19.2,0.0
B30,2,False,55.0,0.0,0.8160000443458557,0.0,18.0
B30,2,False,55.0,0.025,0.796000063419342,65.8119658119658,5.2
B30,2,False,55.0,0.05,0.6320000290870667,68.94977168949772,3.2
B30,2,False,55.0,0.075,0.5320000052452087,58.87096774193549,0.4
B30,2,False,55.0,0.1,0.4320000112056732,51.2,0.0
B30,2,False,55.0,0.125,0.34800001978874207,39.2,0.0
B30,2,False,55.0,0.15,0.2840000092983246,33.2,0.0
B30,2,False,55.0,0.175,0.19200000166893005,25.2,0.0
B30,2,False,55.0,0.2,0.14400000870227814,18.4,0.0
B30,2,False,60.0,0.0,0.796000063419342,0.0,19.2
B30,2,False,60.0,0.025,0.7920000553131104,68.46846846846847,8.4
B30,2,False,60.0,0.05,0.6600000262260437,66.9683257918552,2.0
B30,2,False,60.0,0.075,0.5400000214576721,62.65060240963856,0.0
B30,2,False,60.0,0.1,0.4520000219345093,52.400000000000006,0.0
B30,2,False,60.0,0.125,0.3720000088214874,45.2,0.0
B30,2,False,60.0,0.15,0.29600000381469727,34.4,0.0
B30,2,False,60.0,0.175,0.2240000069141388,28.4,0.0
B30,2,False,60.0,0.2,0.164000004529953,21.6,0.0
B30,2,False,65.0,0.0,0.7680000066757202,0.0,22.0
B30,2,False,65.0,0.025,0.7880000472068787,69.91150442477876,8.799999999999999
B30,2,False,65.0,0.05,0.6600000262260437,68.44444444444444,2.0
B30,2,False,65.0,0.075,0.5960000157356262,67.06827309236948,0.0
B30,2,False,65.0,0.1,0.492000013589859,56.00000000000001,0.0
B30,2,False,65.0,0.125,0.4000000059604645,47.199999999999996,0.0
B30,2,False,65.0,0.15,0.3360000252723694,39.6,0.0
B30,2,False,65.0,0.175,0.24800001084804535,30.4,0.0
B30,2,False,65.0,0.2,0.2200000137090683,25.6,0.0
B30,2,False,70.0,0.0,0.7640000581741333,0.0,22.8
B30,2,False,70.0,0.025,0.7800000309944153,67.2566371681416,7.199999999999999
B30,2,False,70.0,0.05,0.656000018119812,70.0,2.8000000000000003
B30,2,False,70.0,0.075,0.5920000076293945,64.91935483870968,0.4
B30,2,False,70.0,0.1,0.5,56.39999999999999,0.0
B30,2,False,70.0,0.125,0.41200003027915955,49.2,0.0
B30,2,False,70.0,0.15,0.3400000035762787,41.6,0.0
B30,2,False,70.0,0.175,0.2720000147819519,34.8,0.0
B30,2,False,70.0,0.2,0.24000000953674316,32.0,0.0
B30,2,False,75.0,0.0,0.7480000257492065,0.0,25.6
B30,2,False,75.0,0.025,0.7920000553131104,67.5925925925926,8.4
B30,2,False,75.0,0.05,0.6680000424385071,69.86301369863014,2.8000000000000003
B30,2,False,75.0,0.075,0.5879999995231628,68.54838709677419,0.4
B30,2,False,75.0,0.1,0.5,58.8,0.0
B30,2,False,75.0,0.125,0.4520000219345093,51.2,0.0
B30,2,False,75.0,0.15,0.3840000033378601,48.0,0.0
B30,2,False,75.0,0.175,0.328000009059906,39.2,0.0
B30,2,False,75.0,0.2,0.24400001764297485,31.6,0.0
B30,2,False,80.0,0.0,0.7280000448226929,0.0,26.0
B30,2,False,80.0,0.025,0.784000039100647,66.3716814159292,8.799999999999999
B30,2,False,80.0,0.05,0.6720000505447388,69.95515695067265,2.0
B30,2,False,80.0,0.075,0.612000048160553,66.66666666666666,0.4
B30,2,False,80.0,0.1,0.5360000133514404,60.4,0.0
B30,2,False,80.0,0.125,0.46000000834465027,51.6,0.0
B30,2,False,80.0,0.15,0.3760000169277191,46.400000000000006,0.0
B30,2,False,80.0,0.175,0.320000022649765,40.0,0.0
B30,2,False,80.0,0.2,0.30800002813339233,36.4,0.0
B30,3,False,0.0,0.0,0.9920000433921814,0.0,0.0
B30,3,False,0.0,0.025,0.5520000457763672,0.0,0.0
B30,3,False,0.0,0.05,0.11600000411272049,0.0,0.0
B30,3,False,0.0,0.075,0.004000000189989805,0.0,0.0
B30,3,False,0.0,0.1,0.0,0.0,0.0
B30,3,False,0.0,0.125,0.0,0.0,0.0
B30,3,False,0.0,0.15,0.0,0.0,0.0
B30,3,False,0.0,0.175,0.0,0.0,0.0
B30,3,False,0.0,0.2,0.0,0.0,0.0
B30,3,False,10.0,0.0,0.9880000352859497,0.0,0.8
B30,3,False,10.0,0.025,0.7400000095367432,48.760330578512395,0.4
B30,3,False,10.0,0.05,0.30000001192092896,24.545454545454547,1.6
B30,3,False,10.0,0.075,0.08000000566244125,5.64516129032258,0.0
B30,3,False,10.0,0.1,0.036000002175569534,4.016064257028113,0.0
B30,3,False,10.0,0.125,0.00800000037997961,1.2,0.0
B30,3,False,10.0,0.15,0.0,0.0,0.0
B30,3,False,10.0,0.175,0.0,0.0,0.0
B30,3,False,10.0,0.2,0.00800000037997961,1.2,0.0
B30,3,False,15.0,0.0,0.984000027179718,0.0,1.2
B30,3,False,15.0,0.025,0.7760000228881836,56.03448275862068,1.2
B30,3,False,15.0,0.05,0.40800002217292786,36.03603603603604,1.6
B30,3,False,15.0,0.075,0.18400001525878906,20.883534136546185,0.0
B30,3,False,15.0,0.1,0.06000000238418579,6.800000000000001,0.0
B30,3,False,15.0,0.125,0.03200000151991844,4.417670682730924,0.0
B30,3,False,15.0,0.15,0.004000000189989805,1.2,0.0
B30,3,False,15.0,0.175,0.012000000104308128,1.2,0.0
B30,3,False,15.0,0.2,0.004000000189989805,0.8,0.0
B30,3,False,20.0,0.0,0.9800000190734863,0.0,1.6
B30,3,False,20.0,0.025,0.7920000553131104,61.73913043478261,1.6
B30,3,False,20.0,0.05,0.4880000352859497,49.08256880733945,1.2
B30,3,False,20.0,0.075,0.2600000202655792,31.451612903225808,0.0
B30,3,False,20.0,0.1,0.14400000870227814,18.4,0.0
B30,3,False,20.0,0.125,0.06800000369548798,9.2,0.0
B30,3,False,20.0,0.15,0.06400000303983688,6.0,0.0
B30,3,False,20.0,0.175,0.04000000283122063,4.0,0.0
B30,3,False,20.0,0.2,0.012000000104308128,0.8,0.0
B30,3,False,25.0,0.0,0.9640000462532043,0.0,3.5999999999999996
B30,3,False,25.0,0.025,0.7880000472068787,62.60869565217392,2.0
B30,3,False,25.0,0.05,0.5560000538825989,56.75675675675676,2.0
B30,3,False,25.0,0.075,0.3440000116825104,38.306451612903224,0.0
B30,3,False,25.0,0.1,0.24000000953674316,27.200000000000003,0.0
B30,3,False,25.0,0.125,0.12800000607967377,16.400000000000002,0.0
B30,3,False,25.0,0.15,0.07600000500679016,11.600000000000001,0.0
B30,3,False,25.0,0.175,0.06000000238418579,7.199999999999999,0.0
B30,3,False,25.0,0.2,0.04400000348687172,4.8,0.0
B30,3,False,30.0,0.0,0.9480000734329224,0.0,4.3999999999999995
B30,3,False,30.0,0.025,0.800000011920929,66.37931034482759,2.0
B30,3,False,30.0,0.05,0.5920000076293945,62.94642857142857,1.6
B30,3,False,30.0,0.075,0.42000001668930054,47.599999999999994,0.0
B30,3,False,30.0,0.1,0.31200000643730164,33.2,0.0
B30,3,False,30.0,0.125,0.18000000715255737,23.200000000000003,0.0
B30,3,False,30.0,0.15,0.12400000542402267,18.0,0.0
B30,3,False,30.0,0.175,0.07600000500679016,11.600000000000001,0.0
B30,3,False,30.0,0.2,0.06400000303983688,8.799999999999999,0.0
B30,3,False,35.0,0.0,0.9320000410079956,0.0,7.199999999999999
B30,3,False,35.0,0.025,0.7880000472068787,63.716814159292035,2.4
B30,3,False,35.0,0.05,0.628000020980835,65.61085972850678,2.8000000000000003
B30,3,False,35.0,0.075,0.46400001645088196,52.400000000000006,0.0
B30,3,False,35.0,0.1,0.3320000171661377,38.800000000000004,0.0
B30,3,False,35.0,0.125,0.24400001764297485,28.799999999999997,0.0
B30,3,False,35.0,0.15,0.19200000166893005,22.8,0.0
B30,3,False,35.0,0.175,0.1600000113248825,18.8,0.0
B30,3,False,35.0,0.2,0.10000000149011612,13.200000000000001,0.0
B30,3,False,40.0,0.0,0.9120000600814819,0.0,8.0
B30,3,False,40.0,0.025,0.800000011920929,70.0,3.2
B30,3,False,40.0,0.05,0.6480000019073486,68.75,2.0
B30,3,False,40.0,0.075,0.4960000216960907,57.028112449799195,0.4
B30,3,False,40.0,0.1,0.3960000276565552,44.0,0.0
B30,3,False,40.0,0.125,0.29600000381469727,34.8,0.0
B30,3,False,40.0,0.15,0.24400001764297485,30.4,0.0
B30,3,False,40.0,0.175,0.18000000715255737,22.8,0.0
B30,3,False,40.0,0.2,0.13600000739097595,20.0,0.0
B30,3,False,45.0,0.0,0.9000000357627869,0.0,8.799999999999999
B30,3,False,45.0,0.025,0.800000011920929,66.95652173913044,4.0
B30,3,False,45.0,0.05,0.6480000019073486,66.66666666666666,2.4
B30,3,False,45.0,0.075,0.5440000295639038,60.483870967741936,0.4
B30,3,False,45.0,0.1,0.4240000247955322,50.8,0.0
B30,3,False,45.0,0.125,0.35200002789497375,42.0,0.0
B30,3,False,45.0,0.15,0.31200000643730164,35.199999999999996,0.0
B30,3,False,45.0,0.175,0.22800001502037048,28.4,0.0
B30,3,False,45.0,0.2,0.20400001108646393,23.599999999999998,0.0
B30,3,False,50.0,0.0,0.8760000467300415,0.0,11.200000000000001
B30,3,False,50.0,0.025,0.800000011920929,63.96396396396396,3.5999999999999996
B30,3,False,50.0,0.05,0.6720000505447388,69.33333333333334,2.4
B30,3,False,50.0,0.075,0.5640000104904175,62.0,0.0
B30,3,False,50.0,0.1,0.47600001096725464,54.400000000000006,0.0
B30,3,False,50.0,0.125,0.3920000195503235,48.4,0.0
B30,3,False,50.0,0.15,0.31200000643730164,36.4,0.0
B30,3,False,50.0,0.175,0.30400002002716064,33.2,0.0
B30,3,False,50.0,0.2,0.24400001764297485,28.799999999999997,0.0
B30,3,False,55.0,0.0,0.8640000224113464,0.0,12.4
B30,3,False,55.0,0.025,0.796000063419342,65.45454545454545,6.0
B30,3,False,55.0,0.05,0.6720000505447388,69.81981981981981,2.8000000000000003
B30,3,False,55.0,0.075,0.5960000157356262,63.6,0.0
B30,3,False,55.0,0.1,0.5080000162124634,56.8,0.0
B30,3,False,55.0,0.125,0.4320000112056732,49.2,0.0
B30,3,False,55.0,0.15,0.35600000619888306,43.2,0.0
B30,3,False,55.0,0.175,0.31200000643730164,39.2,0.0
B30,3,False,55.0,0.2,0.25200000405311584,30.8,0.0
B30,3,False,60.0,0.0,0.8440000414848328,0.0,14.799999999999999
B30,3,False,60.0,0.025,0.7880000472068787,63.06306306306306,6.0
B30,3,False,60.0,0.05,0.6680000424385071,69.16299559471366,2.4
B30,3,False,60.0,0.075,0.5800000429153442,65.86345381526104,0.4
B30,3,False,60.0,0.1,0.5120000243186951,57.599999999999994,0.0
B30,3,False,60.0,0.125,0.46800002455711365,53.2,0.0
B30,3,False,60.0,0.15,0.41600000858306885,47.599999999999994,0.0
B30,3,False,60.0,0.175,0.3240000009536743,40.400000000000006,0.0
B30,3,False,60.0,0.2,0.2680000066757202,33.6,0.0
B30,3,False,65.0,0.0,0.8240000605583191,0.0,15.6
B30,3,False,65.0,0.025,0.7880000472068787,68.64406779661016,6.4
B30,3,False,65.0,0.05,0.6520000100135803,70.35398230088495,1.6
B30,3,False,65.0,0.075,0.5879999995231628,65.58704453441295,0.8
B30,3,False,65.0,0.1,0.5440000295639038,60.0,0.0
B30,3,False,65.0,0.125,0.47600001096725464,55.2,0.0
B30,3,False,65.0,0.15,0.41600000858306885,47.599999999999994,0.0
B30,3,False,65.0,0.175,0.36000001430511475,44.800000000000004,0.0
B30,3,False,65.0,0.2,0.2800000011920929,33.6,0.0
B30,3,False,70.0,0.0,0.8160000443458557,0.0,16.8
B30,3,False,70.0,0.025,0.784000039100647,65.8119658119658,6.4
B30,3,False,70.0,0.05,0.656000018119812,71.36563876651982,2.0
B30,3,False,70.0,0.075,0.6240000128746033,67.33870967741935,0.4
B30,3,False,70.0,0.1,0.5640000104904175,63.2,0.0
B30,3,False,70.0,0.125,0.5200000405311584,60.0,0.0
B30,3,False,70.0,0.15,0.46400001645088196,50.0,0.0
B30,3,False,70.0,0.175,0.40800002217292786,46.400000000000006,0.0
B30,3,False,70.0,0.2,0.36400002241134644,38.800000000000004,0.0
B30,3,False,75.0,0.0,0.800000011920929,0.0,17.2
B30,3,False,75.0,0.025,0.784000039100647,66.95652173913044,7.6
B30,3,False,75.0,0.05,0.6600000262260437,71.17117117117117,3.2
B30,3,False,75.0,0.075,0.6080000400543213,69.6,0.0
B30,3,False,75.0,0.1,0.5680000185966492,66.4,0.0
B30,3,False,75.0,0.125,0.527999997138977,57.599999999999994,0.0
B30,3,False,75.0,0.15,0.47200003266334534,53.2,0.0
B30,3,False,75.0,0.175,0.4520000219345093,48.4,0.0
B30,3,False,75.0,0.2,0.3760000169277191,41.6,0.0
B30,3,False,80.0,0.0,0.800000011920929,0.0,18.4
B30,3,False,80.0,0.025,0.7800000309944153,69.56521739130434,8.4
B30,3,False,80.0,0.05,0.6640000343322754,72.07207207207207,2.8000000000000003
B30,3,False,80.0,0.075,0.6160000562667847,68.95161290322581,0.4
B30,3,False,80.0,0.1,0.5760000348091125,65.60000000000001,0.0
B30,3,False,80.0,0.125,0.5560000538825989,61.6,0.0
B30,3,False,80.0,0.15,0.492000013589859,54.0,0.0
B30,3,False,80.0,0.175,0.4440000355243683,49.6,0.0
B30,3,False,80.0,0.2,0.3840000033378601,42.4,0.0
B30,4,False,0.0,0.0,0.9920000433921814,0.0,0.0
B30,4,False,0.0,0.025,0.5440000295639038,0.0,0.0
B30,4,False,0.0,0.05,0.1080000028014183,0.0,0.0
B30,4,False,0.0,0.075,0.00800000037997961,0.0,0.0
B30,4,False,0.0,0.1,0.0,0.0,0.0
B30,4,False,0.0,0.125,0.0,0.0,0.0
B30,4,False,0.0,0.15,0.0,0.0,0.0
B30,4,False,0.0,0.175,0.0,0.0,0.0
B30,4,False,0.0,0.2,0.0,0.0,0.0
B30,4,False,10.0,0.0,0.9880000352859497,0.0,0.4
B30,4,False,10.0,0.025,0.7240000367164612,40.51724137931034,0.4
B30,4,False,10.0,0.05,0.31200000643730164,23.981900452488688,0.8
B30,4,False,10.0,0.075,0.07600000500679016,8.064516129032258,0.0
B30,4,False,10.0,0.1,0.02800000086426735,2.8000000000000003,0.0
B30,4,False,10.0,0.125,0.0,1.2,0.0
B30,4,False,10.0,0.15,0.0,0.0,0.0
B30,4,False,10.0,0.175,0.00800000037997961,0.4,0.0
B30,4,False,10.0,0.2,0.00800000037997961,0.4,0.0
B30,4,False,15.0,0.0,0.9880000352859497,0.0,0.8
B30,4,False,15.0,0.025,0.7680000066757202,52.17391304347826,1.2
B30,4,False,15.0,0.05,0.40800002217292786,35.267857142857146,1.2
B30,4,False,15.0,0.075,0.24400001764297485,22.983870967741936,0.0
B30,4,False,15.0,0.1,0.08400000631809235,10.0,0.0
B30,4,False,15.0,0.125,0.024000000208616257,2.4,0.0
B30,4,False,15.0,0.15,0.02800000086426735,3.2,0.0
B30,4,False,15.0,0.175,0.012000000104308128,0.8,0.0
B30,4,False,15.0,0.2,0.012000000104308128,1.6,0.0
B30,4,False,20.0,0.0,0.984000027179718,0.0,1.2
B30,4,False,20.0,0.025,0.7680000066757202,56.25,1.2
B30,4,False,20.0,0.05,0.484000027179718,48.87892376681614,1.2
B30,4,False,20.0,0.075,0.2760000228881836,31.32530120481928,0.0
B30,4,False,20.0,0.1,0.164000004529953,21.2,0.0
B30,4,False,20.0,0.125,0.09200000762939453,12.8,0.0
B30,4,False,20.0,0.15,0.08000000566244125,8.799999999999999,0.0
B30,4,False,20.0,0.175,0.036000002175569534,3.5999999999999996,0.0
B30,4,False,20.0,0.2,0.04000000283122063,3.2,0.0
B30,4,False,25.0,0.0,0.984000027179718,0.0,1.2
B30,4,False,25.0,0.025,0.7720000147819519,60.36036036036037,1.2
B30,4,False,25.0,0.05,0.5600000023841858,56.75675675675676,1.6
B30,4,False,25.0,0.075,0.3880000114440918,43.54838709677419,0.0
B30,4,False,25.0,0.1,0.24800001084804535,31.6,0.0
B30,4,False,25.0,0.125,0.18000000715255737,21.2,0.0
B30,4,False,25.0,0.15,0.12000000476837158,16.400000000000002,0.0
B30,4,False,25.0,0.175,0.08800000697374344,11.200000000000001,0.0
B30,4,False,25.0,0.2,0.06400000303983688,8.799999999999999,0.0
B30,4,False,30.0,0.0,0.9760000705718994,0.0,1.2
B30,4,False,30.0,0.025,0.796000063419342,62.727272727272734,2.4
B30,4,False,30.0,0.05,0.6200000047683716,62.55506607929515,1.6
B30,4,False,30.0,0.075,0.4320000112056732,50.0,0.0
B30,4,False,30.0,0.1,0.3360000252723694,39.6,0.0
B30,4,False,30.0,0.125,0.2600000202655792,30.8,0.0
B30,4,False,30.0,0.15,0.18400001525878906,22.0,0.0
B30,4,False,30.0,0.175,0.12800000607967377,18.0,0.0
B30,4,False,30.0,0.2,0.10000000149011612,12.8,0.0
B30,4,False,35.0,0.0,0.9640000462532043,0.0,3.5999999999999996
B30,4,False,35.0,0.025,0.812000036239624,66.66666666666666,2.4
B30,4,False,35.0,0.05,0.64000004529953,65.33333333333333,1.2
B30,4,False,35.0,0.075,0.5,53.41365461847389,0.4
B30,4,False,35.0,0.1,0.41600000858306885,46.800000000000004,0.0
B30,4,False,35.0,0.125,0.2880000174045563,36.0,0.0
B30,4,False,35.0,0.15,0.22800001502037048,28.799999999999997,0.0
B30,4,False,35.0,0.175,0.18800000846385956,24.8,0.0
B30,4,False,35.0,0.2,0.1720000058412552,22.0,0.0
B30,4,False,40.0,0.0,0.9440000653266907,0.0,4.0
B30,4,False,40.0,0.025,0.800000011920929,64.91228070175438,1.6
B30,4,False,40.0,0.05,0.656000018119812,66.21621621621621,2.0
B30,4,False,40.0,0.075,0.5160000324249268,57.66129032258065,0.8
B30,4,False,40.0,0.1,0.4480000138282776,50.4,0.0
B30,4,False,40.0,0.125,0.35600000619888306,41.6,0.0
B30,4,False,40.0,0.15,0.30400002002716064,34.4,0.0
B30,4,False,40.0,0.175,0.25600001215934753,31.2,0.0
B30,4,False,40.0,0.2,0.20800000429153442,24.0,0.0
B30,4,False,45.0,0.0,0.9360000491142273,0.0,5.2
B30,4,False,45.0,0.025,0.800000011920929,66.66666666666666,2.8000000000000003
B30,4,False,45.0,0.05,0.64000004529953,67.2645739910314,2.0
B30,4,False,45.0,0.075,0.5480000376701355,61.6,0.0
B30,4,False,45.0,0.1,0.4880000352859497,55.60000000000001,0.0
B30,4,False,45.0,0.125,0.40400001406669617,44.4,0.0
B30,4,False,45.0,0.15,0.3320000171661377,40.0,0.0
B30,4,False,45.0,0.175,0.2600000202655792,34.0,0.0
B30,4,False,45.0,0.2,0.22800001502037048,28.000000000000004,0.0
B30,4,False,50.0,0.0,0.9240000247955322,0.0,7.199999999999999
B30,4,False,50.0,0.025,0.796000063419342,67.2566371681416,2.8000000000000003
B30,4,False,50.0,0.05,0.6600000262260437,67.55555555555556,2.4
B30,4,False,50.0,0.075,0.5800000429153442,62.0,0.0
B30,4,False,50.0,0.1,0.492000013589859,56.39999999999999,0.0
B30,4,False,50.0,0.125,0.45600003004074097,52.0,0.0
B30,4,False,50.0,0.15,0.3920000195503235,41.6,0.0
B30,4,False,50.0,0.175,0.3320000171661377,38.4,0.0
B30,4,False,50.0,0.2,0.31200000643730164,35.6,0.0
B30,4,False,55.0,0.0,0.9160000681877136,0.0,7.6
B30,4,False,55.0,0.025,0.800000011920929,65.45454545454545,3.2
B30,4,False,55.0,0.05,0.656000018119812,69.23076923076923,2.4
B30,4,False,55.0,0.075,0.6000000238418579,66.12903225806451,0.4
B30,4,False,55.0,0.1,0.5200000405311584,58.8,0.0
B30,4,False,55.0,0.125,0.4480000138282776,50.4,0.0
B30,4,False,55.0,0.15,0.4360000193119049,49.6,0.0
B30,4,False,55.0,0.175,0.3840000033378601,44.0,0.0
B30,4,False,55.0,0.2,0.2760000228881836,35.6,0.0
B30,4,False,60.0,0.0,0.9040000438690186,0.0,8.4
B30,4,False,60.0,0.025,0.7920000553131104,65.76576576576578,3.2
B30,4,False,60.0,0.05,0.656000018119812,68.58407079646017,2.0
B30,4,False,60.0,0.075,0.5960000157356262,66.8,0.0
B30,4,False,60.0,0.1,0.5680000185966492,63.6,0.0
B30,4,False,60.0,0.125,0.5,55.2,0.0
B30,4,False,60.0,0.15,0.4520000219345093,49.2,0.0
B30,4,False,60.0,0.175,0.41600000858306885,44.0,0.0
B30,4,False,60.0,0.2,0.3320000171661377,40.400000000000006,0.0
B30,4,False,65.0,0.0,0.8960000276565552,0.0,9.6
B30,4,False,65.0,0.025,0.796000063419342,68.10344827586206,4.8
B30,4,False,65.0,0.05,0.6600000262260437,70.98214285714286,2.4
B30,4,False,65.0,0.075,0.6040000319480896,68.67469879518072,0.0
B30,4,False,65.0,0.1,0.5680000185966492,65.2,0.0
B30,4,False,65.0,0.125,0.527999997138977,57.199999999999996,0.0
B30,4,False,65.0,0.15,0.4520000219345093,54.400000000000006,0.0
B30,4,False,65.0,0.175,0.4360000193119049,49.6,0.0
B30,4,False,65.0,0.2,0.3920000195503235,43.6,0.0
B30,4,False,70.0,0.0,0.8880000710487366,0.0,10.4
B30,4,False,70.0,0.025,0.800000011920929,64.95726495726495,5.6000000000000005
B30,4,False,70.0,0.05,0.6680000424385071,70.31963470319634,3.5999999999999996
B30,4,False,70.0,0.075,0.628000020980835,67.60000000000001,0.0
B30,4,False,70.0,0.1,0.5760000348091125,64.0,0.0
B30,4,False,70.0,0.125,0.5160000324249268,60.8,0.0
B30,4,False,70.0,0.15,0.48000001907348633,52.800000000000004,0.0
B30,4,False,70.0,0.175,0.4400000274181366,49.6,0.0
B30,4,False,70.0,0.2,0.3880000114440918,44.4,0.0
B30,4,False,75.0,0.0,0.8720000386238098,0.0,10.8
B30,4,False,75.0,0.025,0.8080000281333923,66.96428571428571,7.199999999999999
B30,4,False,75.0,0.05,0.6600000262260437,69.19642857142857,2.0
B30,4,False,75.0,0.075,0.6200000047683716,67.46987951807229,0.0
B30,4,False,75.0,0.1,0.5960000157356262,66.8,0.0
B30,4,False,75.0,0.125,0.5400000214576721,60.0,0.0
B30,4,False,75.0,0.15,0.527999997138977,55.2,0.0
B30,4,False,75.0,0.175,0.4400000274181366,51.2,0.0
B30,4,False,75.0,0.2,0.4000000059604645,48.4,0.0
B30,4,False,80.0,0.0,0.8680000305175781,0.0,12.0
B30,4,False,80.0,0.025,0.7880000472068787,69.02654867256636,6.800000000000001
B30,4,False,80.0,0.05,0.6760000586509705,73.00884955752213,2.8000000000000003
B30,4,False,80.0,0.075,0.628000020980835,70.68273092369478,0.4
B30,4,False,80.0,0.1,0.5960000157356262,65.06024096385542,0.0
B30,4,False,80.0,0.125,0.5520000457763672,63.2,0.0
B30,4,False,80.0,0.15,0.5240000486373901,59.599999999999994,0.0
B30,4,False,80.0,0.175,0.46800002455711365,54.0,0.0
B30,4,False,80.0,0.2,0.4320000112056732,50.4,0.0
B30,5,False,0.0,0.0,0.9920000433921814,0.0,0.0
B30,5,False,0.0,0.025,0.5560000538825989,0.0,0.0
B30,5,False,0.0,0.05,0.1080000028014183,0.0,0.0
B30,5,False,0.0,0.075,0.0,0.0,0.0
B30,5,False,0.0,0.1,0.0,0.0,0.0
B30,5,False,0.0,0.125,0.0,0.0,0.0
B30,5,False,0.0,0.15,0.0,0.0,0.0
B30,5,False,0.0,0.175,0.0,0.0,0.0
B30,5,False,0.0,0.2,0.0,0.0,0.0
B30,5,False,10.0,0.0,0.9920000433921814,0.0,0.4
B30,5,False,10.0,0.025,0.6760000586509705,29.464285714285715,0.0
B30,5,False,10.0,0.05,0.320000022649765,23.766816143497756,1.6
B30,5,False,10.0,0.075,0.09200000762939453,8.835341365461847,0.0
B30,5,False,10.0,0.1,0.01600000075995922,2.0,0.0
B30,5,False,10.0,0.125,0.01600000075995922,2.8000000000000003,0.0
B30,5,False,10.0,0.15,0.004000000189989805,0.8,0.0
B30,5,False,10.0,0.175,0.00800000037997961,1.2,0.0
B30,5,False,10.0,0.2,0.004000000189989805,0.4,0.0
B30,5,False,15.0,0.0,0.9920000433921814,0.0,0.4
B30,5,False,15.0,0.025,0.7360000610351562,43.51851851851852,0.8
B30,5,False,15.0,0.05,0.40400001406669617,36.199095022624434,2.0
B30,5,False,15.0,0.075,0.17600001394748688,19.35483870967742,0.4
B30,5,False,15.0,0.1,0.09600000083446503,12.0,0.0
B30,5,False,15.0,0.125,0.06000000238418579,7.6,0.0
B30,5,False,15.0,0.15,0.03200000151991844,2.8000000000000003,0.0
B30,5,False,15.0,0.175,0.024000000208616257,2.8000000000000003,0.0
B30,5,False,15.0,0.2,0.01600000075995922,1.6,0.0
B30,5,False,20.0,0.0,0.9880000352859497,0.0,0.4
B30,5,False,20.0,0.025,0.7480000257492065,47.32142857142857,0.8
B30,5,False,20.0,0.05,0.47600001096725464,46.63677130044843,2.4
B30,5,False,20.0,0.075,0.30400002002716064,30.64516129032258,0.0
B30,5,False,20.0,0.1,0.19600000977516174,24.0,0.0
B30,5,False,20.0,0.125,0.12000000476837158,14.399999999999999,0.0
B30,5,False,20.0,0.15,0.10400000214576721,12.4,0.0
B30,5,False,20.0,0.175,0.07600000500679016,8.799999999999999,0.0
B30,5,False,20.0,0.2,0.052000001072883606,6.4,0.0
B30,5,False,25.0,0.0,0.984000027179718,0.0,0.8
B30,5,False,25.0,0.025,0.7680000066757202,56.03448275862068,1.2
B30,5,False,25.0,0.05,0.5160000324249268,55.55555555555556,2.0
B30,5,False,25.0,0.075,0.3760000169277191,40.32258064516129,0.0
B30,5,False,25.0,0.1,0.2840000092983246,31.2,0.0
B30,5,False,25.0,0.125,0.2200000137090683,26.0,0.0
B30,5,False,25.0,0.15,0.1680000126361847,22.0,0.0
B30,5,False,25.0,0.175,0.11600000411272049,14.000000000000002,0.0
B30,5,False,25.0,0.2,0.07200000435113907,11.200000000000001,0.0
B30,5,False,30.0,0.0,0.984000027179718,0.0,1.2
B30,5,False,30.0,0.025,0.7800000309944153,55.04587155963303,1.6
B30,5,False,30.0,0.05,0.5680000185966492,59.29203539823009,1.6
B30,5,False,30.0,0.075,0.4400000274181366,50.8,0.0
B30,5,False,30.0,0.1,0.3440000116825104,39.2,0.0
B30,5,False,30.0,0.125,0.2800000011920929,34.4,0.0
B30,5,False,30.0,0.15,0.20400001108646393,26.400000000000002,0.0
B30,5,False,30.0,0.175,0.18800000846385956,22.0,0.0
B30,5,False,30.0,0.2,0.14400000870227814,18.4,0.0
B30,5,False,35.0,0.0,0.984000027179718,0.0,1.2
B30,5,False,35.0,0.025,0.784000039100647,62.28070175438597,1.2
B30,5,False,35.0,0.05,0.6320000290870667,62.89592760180995,2.0
B30,5,False,35.0,0.075,0.492000013589859,55.020080321285135,0.4
B30,5,False,35.0,0.1,0.3840000033378601,47.199999999999996,0.0
B30,5,False,35.0,0.125,0.3320000171661377,37.2,0.0
B30,5,False,35.0,0.15,0.2720000147819519,31.6,0.0
B30,5,False,35.0,0.175,0.25600001215934753,31.2,0.0
B30,5,False,35.0,0.2,0.20400001108646393,24.0,0.0
B30,5,False,40.0,0.0,0.9800000190734863,0.0,1.2
B30,5,False,40.0,0.025,0.7880000472068787,64.34782608695652,2.4
B30,5,False,40.0,0.05,0.628000020980835,65.33333333333333,2.4
B30,5,False,40.0,0.075,0.5400000214576721,58.87096774193549,0.4
B30,5,False,40.0,0.1,0.4520000219345093,50.8,0.0
B30,5,False,40.0,0.125,0.36400002241134644,42.8,0.0
B30,5,False,40.0,0.15,0.3400000035762787,42.0,0.0
B30,5,False,40.0,0.175,0.2880000174045563,33.6,0.0
B30,5,False,40.0,0.2,0.25600001215934753,28.4,0.0
B30,5,False,45.0,0.0,0.9720000624656677,0.0,2.0
B30,5,False,45.0,0.025,0.796000063419342,63.793103448275865,2.0
B30,5,False,45.0,0.05,0.6480000019073486,66.3677130044843,0.8
B30,5,False,45.0,0.075,0.5640000104904175,62.096774193548384,0.4
B30,5,False,45.0,0.1,0.4880000352859497,55.2,0.0
B30,5,False,45.0,0.125,0.41600000858306885,47.599999999999994,0.0
B30,5,False,45.0,0.15,0.41200003027915955,44.0,0.0
B30,5,False,45.0,0.175,0.3240000009536743,37.2,0.0
B30,5,False,45.0,0.2,0.30400002002716064,36.0,0.0
B30,5,False,50.0,0.0,0.9640000462532043,0.0,2.0
B30,5,False,50.0,0.025,0.8040000200271606,68.42105263157895,2.8000000000000003
B30,5,False,50.0,0.05,0.6680000424385071,68.46846846846847,2.0
B30,5,False,50.0,0.075,0.5720000267028809,62.903225806451616,0.4
B30,5,False,50.0,0.1,0.5200000405311584,58.4,0.0
B30,5,False,50.0,0.125,0.46800002455711365,53.2,0.0
B30,5,False,50.0,0.15,0.4440000355243683,48.8,0.0
B30,5,False,50.0,0.175,0.35600000619888306,40.8,0.0
B30,5,False,50.0,0.2,0.3360000252723694,37.6,0.0
B30,5,False,55.0,0.0,0.9480000734329224,0.0,4.0
B30,5,False,55.0,0.025,0.8160000443458557,66.37931034482759,2.4
B30,5,False,55.0,0.05,0.656000018119812,69.23076923076923,2.8000000000000003
B30,5,False,55.0,0.075,0.6080000400543213,65.7258064516129,0.4
B30,5,False,55.0,0.1,0.5600000023841858,62.8,0.0
B30,5,False,55.0,0.125,0.5,56.8,0.0
B30,5,False,55.0,0.15,0.42000001668930054,48.8,0.0
B30,5,False,55.0,0.175,0.40800002217292786,45.6,0.0
B30,5,False,55.0,0.2,0.3680000305175781,39.2,0.0
B30,5,False,60.0,0.0,0.940000057220459,0.0,4.8
B30,5,False,60.0,0.025,0.796000063419342,66.66666666666666,2.8000000000000003
B30,5,False,60.0,0.05,0.656000018119812,68.75,2.4
B30,5,False,60.0,0.075,0.6000000238418579,66.8,0.0
B30,5,False,60.0,0.1,0.5680000185966492,62.0,0.0
B30,5,False,60.0,0.125,0.5080000162124634,59.199999999999996,0.0
B30,5,False,60.0,0.15,0.4440000355243683,51.2,0.0
B30,5,False,60.0,0.175,0.3960000276565552,48.4,0.0
B30,5,False,60.0,0.2,0.40400001406669617,47.599999999999994,0.0
B30,5,False,65.0,0.0,0.9320000410079956,0.0,4.8
B30,5,False,65.0,0.025,0.8040000200271606,66.05504587155964,2.8000000000000003
B30,5,False,65.0,0.05,0.6720000505447388,69.33333333333334,2.0
B30,5,False,65.0,0.075,0.6040000319480896,68.0,0.0
B30,5,False,65.0,0.1,0.5720000267028809,64.0,0.0
B30,5,False,65.0,0.125,0.5560000538825989,60.4,0.0
B30,5,False,65.0,0.15,0.484000027179718,56.00000000000001,0.0
B30,5,False,65.0,0.175,0.4320000112056732,51.2,0.0
B30,5,False,65.0,0.2,0.3880000114440918,46.800000000000004,0.0
B30,5,False,70.0,0.0,0.9280000329017639,0.0,6.0
B30,5,False,70.0,0.025,0.796000063419342,64.28571428571429,2.8000000000000003
B30,5,False,70.0,0.05,0.656000018119812,69.50672645739911,3.2
B30,5,False,70.0,0.075,0.6160000562667847,67.33870967741935,0.4
B30,5,False,70.0,0.1,0.5720000267028809,66.0,0.0
B30,5,False,70.0,0.125,0.5360000133514404,61.199999999999996,0.0
B30,5,False,70.0,0.15,0.5200000405311584,55.60000000000001,0.0
B30,5,False,70.0,0.175,0.47200003266334534,50.8,0.0
B30,5,False,70.0,0.2,0.4440000355243683,48.8,0.0
B30,5,False,75.0,0.0,0.9240000247955322,0.0,6.4
B30,5,False,75.0,0.025,0.8040000200271606,67.85714285714286,3.5999999999999996
B30,5,False,75.0,0.05,0.6640000343322754,70.45454545454545,3.2
B30,5,False,75.0,0.075,0.6200000047683716,69.75806451612904,0.4
B30,5,False,75.0,0.1,0.6080000400543213,65.60000000000001,0.0
B30,5,False,75.0,0.125,0.5720000267028809,62.4,0.0
B30,5,False,75.0,0.15,0.5160000324249268,60.0,0.0
B30,5,False,75.0,0.175,0.46400001645088196,54.800000000000004,0.0
B30,5,False,75.0,0.2,0.47600001096725464,52.0,0.0
B30,5,False,80.0,0.0,0.9120000600814819,0.0,6.4
B30,5,False,80.0,0.025,0.796000063419342,63.47826086956522,3.2
B30,5,False,80.0,0.05,0.656000018119812,71.81818181818181,3.2
B30,5,False,80.0,0.075,0.6080000400543213,69.07630522088354,0.4
B30,5,False,80.0,0.1,0.5920000076293945,67.2,0.0
B30,5,False,80.0,0.125,0.5840000510215759,65.60000000000001,0.0
B30,5,False,80.0,0.15,0.5320000052452087,60.4,0.0
B30,5,False,80.0,0.175,0.5400000214576721,58.8,0.0
B30,5,False,80.0,0.2,0.4960000216960907,52.800000000000004,0.0
B30,6,False,0.0,0.0,0.9920000433921814,0.0,0.0
B30,6,False,0.0,0.025,0.5480000376701355,0.0,0.0
B30,6,False,0.0,0.05,0.10400000214576721,0.0,0.0
B30,6,False,0.0,0.075,0.00800000037997961,0.0,0.0
B30,6,False,0.0,0.1,0.0,0.0,0.0
B30,6,False,0.0,0.125,0.0,0.0,0.0
B30,6,False,0.0,0.15,0.0,0.0,0.0
B30,6,False,0.0,0.175,0.0,0.0,0.0
B30,6,False,0.0,0.2,0.0,0.0,0.0
B30,6,False,10.0,0.0,0.9920000433921814,0.0,0.0
B30,6,False,10.0,0.025,0.6760000586509705,28.57142857142857,0.0
B30,6,False,10.0,0.05,0.30400002002716064,19.17808219178082,0.8
B30,6,False,10.0,0.075,0.08000000566244125,8.032128514056225,0.0
B30,6,False,10.0,0.1,0.03200000151991844,4.0,0.0
B30,6,False,10.0,0.125,0.00800000037997961,2.0,0.0
B30,6,False,10.0,0.15,0.012000000104308128,1.6,0.0
B30,6,False,10.0,0.175,0.00800000037997961,0.4,0.0
B30,6,False,10.0,0.2,0.00800000037997961,0.8,0.0
B30,6,False,15.0,0.0,0.9920000433921814,0.0,0.0
B30,6,False,15.0,0.025,0.7080000042915344,34.21052631578947,0.0
B30,6,False,15.0,0.05,0.3840000033378601,33.1858407079646,1.2
B30,6,False,15.0,0.075,0.19600000977516174,19.67871485943775,0.0
B30,6,False,15.0,0.1,0.12800000607967377,12.0,0.0
B30,6,False,15.0,0.125,0.07200000435113907,6.800000000000001,0.0
B30,6,False,15.0,0.15,0.06000000238418579,4.8,0.0
B30,6,False,15.0,0.175,0.03200000151991844,3.2,0.0
B30,6,False,15.0,0.2,0.020000001415610313,2.8000000000000003,0.0
B30,6,False,20.0,0.0,0.9920000433921814,0.0,0.4
B30,6,False,20.0,0.025,0.7320000529289246,43.47826086956522,0.4
B30,6,False,20.0,0.05,0.4400000274181366,40.99099099099099,2.0
B30,6,False,20.0,0.075,0.2880000174045563,30.923694779116467,0.4
B30,6,False,20.0,0.1,0.19600000977516174,22.8,0.0
B30,6,False,20.0,0.125,0.12400000542402267,15.2,0.0
B30,6,False,20.0,0.15,0.09200000762939453,11.600000000000001,0.0
B30,6,False,20.0,0.175,0.06400000303983688,8.4,0.0
B30,6,False,20.0,0.2,0.06000000238418579,6.4,0.0
B30,6,False,25.0,0.0,0.9920000433921814,0.0,0.4
B30,6,False,25.0,0.025,0.7480000257492065,48.67256637168141,0.8
B30,6,False,25.0,0.05,0.5080000162124634,47.511312217194565,2.0
B30,6,False,25.0,0.075,0.3760000169277191,41.53225806451613,0.4
B30,6,False,25.0,0.1,0.29600000381469727,32.93172690763052,0.0
B30,6,False,25.0,0.125,0.22800001502037048,26.400000000000002,0.0
B30,6,False,25.0,0.15,0.14400000870227814,18.4,0.0
B30,6,False,25.0,0.175,0.14800000190734863,16.0,0.0
B30,6,False,25.0,0.2,0.08400000631809235,11.200000000000001,0.0
B30,6,False,30.0,0.0,0.9880000352859497,0.0,0.4
B30,6,False,30.0,0.025,0.7680000066757202,54.700854700854705,1.6
B30,6,False,30.0,0.05,0.5520000457763672,55.80357142857143,2.0
B30,6,False,30.0,0.075,0.42000001668930054,48.0,0.0
B30,6,False,30.0,0.1,0.3240000009536743,37.6,0.0
B30,6,False,30.0,0.125,0.30000001192092896,34.8,0.0
B30,6,False,30.0,0.15,0.25200000405311584,26.8,0.0
B30,6,False,30.0,0.175,0.20000000298023224,23.200000000000003,0.0
B30,6,False,30.0,0.2,0.15200001001358032,18.8,0.0
B30,6,False,35.0,0.0,0.9880000352859497,0.0,0.8
B30,6,False,35.0,0.025,0.7920000553131104,56.14035087719298,1.6
B30,6,False,35.0,0.05,0.5840000510215759,57.399103139013455,1.2
B30,6,False,35.0,0.075,0.484000027179718,53.81526104417671,0.4
B30,6,False,35.0,0.1,0.42000001668930054,47.599999999999994,0.0
B30,6,False,35.0,0.125,0.3440000116825104,39.2,0.0
B30,6,False,35.0,0.15,0.2880000174045563,35.199999999999996,0.0
B30,6,False,35.0,0.175,0.24800001084804535,27.200000000000003,0.0
B30,6,False,35.0,0.2,0.2240000069141388,26.0,0.0
B30,6,False,40.0,0.0,0.984000027179718,0.0,0.8
B30,6,False,40.0,0.025,0.784000039100647,59.64912280701754,2.0
B30,6,False,40.0,0.05,0.6160000562667847,61.88340807174888,2.4
B30,6,False,40.0,0.075,0.5080000162124634,57.199999999999996,0.0
B30,6,False,40.0,0.1,0.4280000329017639,50.4,0.0
B30,6,False,40.0,0.125,0.3880000114440918,43.6,0.0
B30,6,False,40.0,0.15,0.36400002241134644,40.8,0.0
B30,6,False,40.0,0.175,0.2840000092983246,36.4,0.0
B30,6,False,40.0,0.2,0.2720000147819519,29.2,0.0
B30,6,False,45.0,0.0,0.984000027179718,0.0,0.8
B30,6,False,45.0,0.025,0.784000039100647,62.71186440677966,0.8
B30,6,False,45.0,0.05,0.6440000534057617,64.41441441441441,1.2
B30,6,False,45.0,0.075,0.5440000295639038,60.32388663967612,0.4
B30,6,False,45.0,0.1,0.48000001907348633,55.2,0.0
B30,6,False,45.0,0.125,0.4400000274181366,51.2,0.0
B30,6,False,45.0,0.15,0.3800000250339508,45.6,0.0
B30,6,False,45.0,0.175,0.3680000305175781,38.4,0.0
B30,6,False,45.0,0.2,0.3360000252723694,34.4,0.0
B30,6,False,50.0,0.0,0.984000027179718,0.0,0.8
B30,6,False,50.0,0.025,0.784000039100647,63.24786324786324,2.0
B30,6,False,50.0,0.05,0.6360000371932983,66.97247706422019,2.4
B30,6,False,50.0,0.075,0.5720000267028809,62.8,0.0
B30,6,False,50.0,0.1,0.5320000052452087,58.8,0.0
B30,6,False,50.0,0.125,0.48000001907348633,53.6,0.0
B30,6,False,50.0,0.15,0.42000001668930054,49.2,0.0
B30,6,False,50.0,0.175,0.3960000276565552,44.4,0.0
B30,6,False,50.0,0.2,0.30400002002716064,36.0,0.0
B30,6,False,55.0,0.0,0.984000027179718,0.0,1.2
B30,6,False,55.0,0.025,0.7880000472068787,61.60714285714286,2.0
B30,6,False,55.0,0.05,0.6640000343322754,66.81614349775785,1.6
B30,6,False,55.0,0.075,0.5960000157356262,64.8,0.0
B30,6,False,55.0,0.1,0.5400000214576721,58.8,0.0
B30,6,False,55.0,0.125,0.5040000081062317,54.400000000000006,0.0
B30,6,False,55.0,0.15,0.46400001645088196,50.8,0.0
B30,6,False,55.0,0.175,0.4000000059604645,46.400000000000006,0.0
B30,6,False,55.0,0.2,0.3440000116825104,40.0,0.0
B30,6,False,60.0,0.0,0.9800000190734863,0.0,1.6
B30,6,False,60.0,0.025,0.7920000553131104,63.24786324786324,2.8000000000000003
B30,6,False,60.0,0.05,0.6440000534057617,66.21621621621621,2.4
B30,6,False,60.0,0.075,0.5879999995231628,64.2570281124498,0.0
B30,6,False,60.0,0.1,0.5680000185966492,61.6,0.0
B30,6,False,60.0,0.125,0.5080000162124634,56.39999999999999,0.0
B30,6,False,60.0,0.15,0.4880000352859497,53.6,0.0
B30,6,False,60.0,0.175,0.46800002455711365,46.400000000000006,0.0
B30,6,False,60.0,0.2,0.40400001406669617,47.199999999999996,0.0
B30,6,False,65.0,0.0,0.9720000624656677,0.0,2.0
B30,6,False,65.0,0.025,0.784000039100647,65.21739130434783,2.0
B30,6,False,65.0,0.05,0.6600000262260437,68.5589519650655,2.0
B30,6,False,65.0,0.075,0.6040000319480896,66.8,0.0
B30,6,False,65.0,0.1,0.5480000376701355,62.8,0.0
B30,6,False,65.0,0.125,0.5320000052452087,59.599999999999994,0.0
B30,6,False,65.0,0.15,0.5,56.00000000000001,0.0
B30,6,False,65.0,0.175,0.47600001096725464,52.0,0.0
B30,6,False,65.0,0.2,0.42000001668930054,45.2,0.0
B30,6,False,70.0,0.0,0.968000054359436,0.0,2.0
B30,6,False,70.0,0.025,0.800000011920929,66.05504587155964,2.0
B30,6,False,70.0,0.05,0.6760000586509705,69.77777777777779,2.0
B30,6,False,70.0,0.075,0.6080000400543213,67.46987951807229,0.4
B30,6,False,70.0,0.1,0.5680000185966492,66.0,0.0
B30,6,False,70.0,0.125,0.5680000185966492,60.8,0.0
B30,6,False,70.0,0.15,0.5240000486373901,59.599999999999994,0.0
B30,6,False,70.0,0.175,0.4960000216960907,56.39999999999999,0.0
B30,6,False,70.0,0.2,0.4480000138282776,46.400000000000006,0.0
B30,6,False,75.0,0.0,0.9640000462532043,0.0,2.0
B30,6,False,75.0,0.025,0.8040000200271606,66.66666666666666,2.4
B30,6,False,75.0,0.05,0.6640000343322754,69.0909090909091,2.0
B30,6,False,75.0,0.075,0.6200000047683716,66.93548387096774,0.4
B30,6,False,75.0,0.1,0.5879999995231628,63.6,0.0
B30,6,False,75.0,0.125,0.5680000185966492,62.8,0.0
B30,6,False,75.0,0.15,0.527999997138977,60.4,0.0
B30,6,False,75.0,0.175,0.527999997138977,57.599999999999994,0.0
B30,6,False,75.0,0.2,0.46800002455711365,50.0,0.0
B30,6,False,80.0,0.0,0.9600000381469727,0.0,2.4
B30,6,False,80.0,0.025,0.8040000200271606,65.48672566371681,2.0
B30,6,False,80.0,0.05,0.6680000424385071,67.85714285714286,2.0
B30,6,False,80.0,0.075,0.6040000319480896,67.74193548387096,0.0
B30,6,False,80.0,0.1,0.5760000348091125,63.2,0.0
B30,6,False,80.0,0.125,0.5720000267028809,64.8,0.0
B30,6,False,80.0,0.15,0.5560000538825989,62.4,0.0
B30,6,False,80.0,0.175,0.5400000214576721,57.99999999999999,0.0
B30,6,False,80.0,0.2,0.46800002455711365,53.2,0.0
B30,7,False,0.0,0.0,0.9920000433921814,0.0,0.0
B30,7,False,0.0,0.025,0.5520000457763672,0.0,0.0
B30,7,False,0.0,0.05,0.14400000870227814,0.0,0.0
B30,7,False,0.0,0.075,0.00800000037997961,0.0,0.0
B30,7,False,0.0,0.1,0.0,0.0,0.0
B30,7,False,0.0,0.125,0.0,0.0,0.0
B30,7,False,0.0,0.15,0.0,0.0,0.0
B30,7,False,0.0,0.175,0.0,0.0,0.0
B30,7,False,0.0,0.2,0.0,0.0,0.0
B30,7,False,10.0,0.0,0.9920000433921814,0.0,0.0
B30,7,False,10.0,0.025,0.6480000019073486,22.52252252252252,0.0
B30,7,False,10.0,0.05,0.30000001192092896,18.46846846846847,0.8
B30,7,False,10.0,0.075,0.08400000631809235,8.4,0.0
B30,7,False,10.0,0.1,0.02800000086426735,4.0,0.0
B30,7,False,10.0,0.125,0.00800000037997961,1.2,0.0
B30,7,False,10.0,0.15,0.012000000104308128,1.2,0.0
B30,7,False,10.0,0.175,0.0,0.8,0.0
B30,7,False,10.0,0.2,0.004000000189989805,0.4,0.0
B30,7,False,15.0,0.0,0.9920000433921814,0.0,0.0
B30,7,False,15.0,0.025,0.6720000505447388,27.82608695652174,0.0
B30,7,False,15.0,0.05,0.35600000619888306,27.601809954751133,1.6
B30,7,False,15.0,0.075,0.18800000846385956,19.67871485943775,0.0
B30,7,False,15.0,0.1,0.09200000762939453,11.200000000000001,0.0
B30,7,False,15.0,0.125,0.10400000214576721,10.4,0.0
B30,7,False,15.0,0.15,0.04800000041723251,5.2,0.0
B30,7,False,15.0,0.175,0.036000002175569534,3.5999999999999996,0.0
B30,7,False,15.0,0.2,0.020000001415610313,2.4,0.0
B30,7,False,20.0,0.0,0.9920000433921814,0.0,0.0
B30,7,False,20.0,0.025,0.7120000123977661,33.33333333333333,0.4
B30,7,False,20.0,0.05,0.42000001668930054,38.76651982378855,1.2
B30,7,False,20.0,0.075,0.2639999985694885,25.101214574898783,0.0
B30,7,False,20.0,0.1,0.20800000429153442,23.200000000000003,0.0
B30,7,False,20.0,0.125,0.15600000321865082,16.0,0.0
B30,7,False,20.0,0.15,0.08400000631809235,12.8,0.0
B30,7,False,20.0,0.175,0.08800000697374344,9.2,0.0
B30,7,False,20.0,0.2,0.07200000435113907,8.0,0.0
B30,7,False,25.0,0.0,0.9920000433921814,0.0,0.0
B30,7,False,25.0,0.025,0.7160000205039978,41.17647058823529,0.4
B30,7,False,25.0,0.05,0.4520000219345093,41.77777777777778,1.2
B30,7,False,25.0,0.075,0.3720000088214874,36.84210526315789,0.0
B30,7,False,25.0,0.1,0.2680000066757202,31.6,0.0
B30,7,False,25.0,0.125,0.24400001764297485,26.8,0.0
B30,7,False,25.0,0.15,0.1680000126361847,20.0,0.0
B30,7,False,25.0,0.175,0.164000004529953,18.8,0.0
B30,7,False,25.0,0.2,0.11600000411272049,14.399999999999999,0.0
B30,7,False,30.0,0.0,0.9920000433921814,0.0,0.0
B30,7,False,30.0,0.025,0.7360000610351562,42.857142857142854,0.4
B30,7,False,30.0,0.05,0.5120000243186951,48.0,2.0
B30,7,False,30.0,0.075,0.4320000112056732,46.98795180722892,0.0
B30,7,False,30.0,0.1,0.35200002789497375,38.4,0.0
B30,7,False,30.0,0.125,0.2840000092983246,33.2,0.0
B30,7,False,30.0,0.15,0.2200000137090683,27.200000000000003,0.0
B30,7,False,30.0,0.175,0.20000000298023224,23.599999999999998,0.0
B30,7,False,30.0,0.2,0.20800000429153442,21.2,0.0
B30,7,False,35.0,0.0,0.9920000433921814,0.0,0.4
B30,7,False,35.0,0.025,0.7400000095367432,46.902654867256636,0.4
B30,7,False,35.0,0.05,0.5520000457763672,54.7085201793722,1.6
B30,7,False,35.0,0.075,0.46000000834465027,49.79919678714859,0.0
B30,7,False,35.0,0.1,0.40400001406669617,43.2,0.0
B30,7,False,35.0,0.125,0.3360000252723694,39.6,0.0
B30,7,False,35.0,0.15,0.320000022649765,39.2,0.0
B30,7,False,35.0,0.175,0.29200002551078796,30.8,0.0
B30,7,False,35.0,0.2,0.24000000953674316,27.200000000000003,0.0
B30,7,False,40.0,0.0,0.9920000433921814,0.0,0.4
B30,7,False,40.0,0.025,0.7600000500679016,52.13675213675214,1.6
B30,7,False,40.0,0.05,0.6040000319480896,60.0,2.4
B30,7,False,40.0,0.075,0.5160000324249268,55.42168674698795,0.4
B30,7,False,40.0,0.1,0.47600001096725464,48.4,0.0
B30,7,False,40.0,0.125,0.3840000033378601,44.4,0.0
B30,7,False,40.0,0.15,0.36400002241134644,36.4,0.0
B30,7,False,40.0,0.175,0.30800002813339233,33.6,0.0
B30,7,False,40.0,0.2,0.2639999985694885,30.4,0.0
B30,7,False,45.0,0.0,0.9920000433921814,0.0,0.4
B30,7,False,45.0,0.025,0.7760000228881836,52.67857142857143,1.6
B30,7,False,45.0,0.05,0.6160000562667847,60.88888888888889,2.0
B30,7,False,45.0,0.075,0.5320000052452087,57.831325301204814,0.0
B30,7,False,45.0,0.1,0.5040000081062317,53.2,0.0
B30,7,False,45.0,0.125,0.46800002455711365,48.8,0.0
B30,7,False,45.0,0.15,0.3720000088214874,41.6,0.0
B30,7,False,45.0,0.175,0.36000001430511475,40.400000000000006,0.0
B30,7,False,45.0,0.2,0.30800002813339233,37.2,0.0
B30,7,False,50.0,0.0,0.9920000433921814,0.0,0.4
B30,7,False,50.0,0.025,0.7800000309944153,55.172413793103445,1.2
B30,7,False,50.0,0.05,0.6160000562667847,61.53846153846154,2.4
B30,7,False,50.0,0.075,0.5800000429153442,62.24899598393574,0.4
B30,7,False,50.0,0.1,0.527999997138977,57.599999999999994,0.0
B30,7,False,50.0,0.125,0.46800002455711365,50.8,0.0
B30,7,False,50.0,0.15,0.4360000193119049,49.2,0.0
B30,7,False,50.0,0.175,0.3840000033378601,42.8,0.0
B30,7,False,50.0,0.2,0.35600000619888306,40.400000000000006,0.0
B30,7,False,55.0,0.0,0.984000027179718,0.0,0.8
B30,7,False,55.0,0.025,0.7800000309944153,59.130434782608695,1.2
B30,7,False,55.0,0.05,0.6200000047683716,64.12556053811659,2.4
B30,7,False,55.0,0.075,0.5840000510215759,64.51612903225806,0.4
B30,7,False,55.0,0.1,0.5480000376701355,59.199999999999996,0.0
B30,7,False,55.0,0.125,0.4880000352859497,54.0,0.0
B30,7,False,55.0,0.15,0.4400000274181366,53.2,0.0
B30,7,False,55.0,0.175,0.41200003027915955,44.800000000000004,0.0
B30,7,False,55.0,0.2,0.36000001430511475,41.6,0.0
B30,7,False,60.0,0.0,0.984000027179718,0.0,0.8
B30,7,False,60.0,0.025,0.7800000309944153,60.86956521739131,1.6
B30,7,False,60.0,0.05,0.6520000100135803,66.51785714285714,2.4
B30,7,False,60.0,0.075,0.5840000510215759,61.6,0.0
B30,7,False,60.0,0.1,0.5640000104904175,61.6,0.0
B30,7,False,60.0,0.125,0.5240000486373901,56.8,0.0
B30,7,False,60.0,0.15,0.5120000243186951,56.8,0.0
B30,7,False,60.0,0.175,0.46800002455711365,50.4,0.0
B30,7,False,60.0,0.2,0.4000000059604645,43.6,0.0
B30,7,False,65.0,0.0,0.984000027179718,0.0,0.8
B30,7,False,65.0,0.025,0.7760000228881836,62.16216216216216,1.6
B30,7,False,65.0,0.05,0.6600000262260437,66.66666666666666,2.4
B30,7,False,65.0,0.075,0.6000000238418579,67.06827309236948,0.4
B30,7,False,65.0,0.1,0.5720000267028809,62.4,0.0
B30,7,False,65.0,0.125,0.5360000133514404,59.199999999999996,0.0
B30,7,False,65.0,0.15,0.5080000162124634,57.599999999999994,0.0
B30,7,False,65.0,0.175,0.45600003004074097,49.6,0.0
B30,7,False,65.0,0.2,0.4320000112056732,46.400000000000006,0.0
B30,7,False,70.0,0.0,0.984000027179718,0.0,0.8
B30,7,False,70.0,0.025,0.7880000472068787,62.93103448275862,1.2
B30,7,False,70.0,0.05,0.6720000505447388,68.99563318777294,2.0
B30,7,False,70.0,0.075,0.612000048160553,64.8,0.0
B30,7,False,70.0,0.1,0.5840000510215759,64.8,0.0
B30,7,False,70.0,0.125,0.527999997138977,62.0,0.0
B30,7,False,70.0,0.15,0.5360000133514404,58.8,0.0
B30,7,False,70.0,0.175,0.5,55.2,0.0
B30,7,False,70.0,0.2,0.46400001645088196,48.8,0.0
B30,7,False,75.0,0.0,0.984000027179718,0.0,0.8
B30,7,False,75.0,0.025,0.7920000553131104,64.95726495726495,1.6
B30,7,False,75.0,0.05,0.6640000343322754,68.14159292035397,2.4
B30,7,False,75.0,0.075,0.5879999995231628,66.8,0.0
B30,7,False,75.0,0.1,0.6000000238418579,64.4,0.0
B30,7,False,75.0,0.125,0.5520000457763672,64.8,0.0
B30,7,False,75.0,0.15,0.5520000457763672,58.8,0.0
B30,7,False,75.0,0.175,0.5040000081062317,55.60000000000001,0.0
B30,7,False,75.0,0.2,0.4880000352859497,53.6,0.0
B30,7,False,80.0,0.0,0.984000027179718,0.0,0.8
B30,7,False,80.0,0.025,0.7800000309944153,62.96296296296296,2.0
B30,7,False,80.0,0.05,0.6480000019073486,68.46846846846847,2.8000000000000003
B30,7,False,80.0,0.075,0.6080000400543213,68.54838709677419,0.4
B30,7,False,80.0,0.1,0.6000000238418579,66.0,0.0
B30,7,False,80.0,0.125,0.5640000104904175,64.0,0.0
B30,7,False,80.0,0.15,0.5640000104904175,63.2,0.0
B30,7,False,80.0,0.175,0.5480000376701355,61.6,0.0
B30,7,False,80.0,0.2,0.5160000324249268,54.800000000000004,0.0
B30,8,False,0.0,0.0,0.9920000433921814,0.0,0.0
B30,8,False,0.0,0.025,0.5360000133514404,0.0,0.0
B30,8,False,0.0,0.05,0.12000000476837158,0.0,0.0
B30,8,False,0.0,0.075,0.0,0.0,0.0
B30,8,False,0.0,0.1,0.0,0.0,0.0
B30,8,False,0.0,0.125,0.0,0.0,0.0
B30,8,False,0.0,0.15,0.0,0.0,0.0
B30,8,False,0.0,0.175,0.0,0.0,0.0
B30,8,False,0.0,0.2,0.0,0.0,0.0
B30,8,False,10.0,0.0,0.9920000433921814,0.0,0.0
B30,8,False,10.0,0.025,0.6600000262260437,15.887850467289718,0.4
B30,8,False,10.0,0.05,0.24800001084804535,16.289592760180994,0.4
B30,8,False,10.0,0.075,0.07200000435113907,6.0728744939271255,0.0
B30,8,False,10.0,0.1,0.00800000037997961,2.8000000000000003,0.0
B30,8,False,10.0,0.125,0.01600000075995922,1.6,0.0
B30,8,False,10.0,0.15,0.01600000075995922,2.0,0.0
B30,8,False,10.0,0.175,0.0,0.4,0.0
B30,8,False,10.0,0.2,0.00800000037997961,0.4,0.0
B30,8,False,15.0,0.0,0.9920000433921814,0.0,0.0
B30,8,False,15.0,0.025,0.6440000534057617,23.008849557522122,0.8
B30,8,False,15.0,0.05,0.3360000252723694,23.008849557522122,0.4
B30,8,False,15.0,0.075,0.17600001394748688,17.670682730923694,0.0
B30,8,False,15.0,0.1,0.11600000411272049,10.8,0.0
B30,8,False,15.0,0.125,0.06800000369548798,7.199999999999999,0.0
B30,8,False,15.0,0.15,0.04400000348687172,3.5999999999999996,0.0
B30,8,False,15.0,0.175,0.052000001072883606,4.8,0.0
B30,8,False,15.0,0.2,0.036000002175569534,2.4,0.0
B30,8,False,20.0,0.0,0.9920000433921814,0.0,0.0
B30,8,False,20.0,0.025,0.6680000424385071,25.892857142857146,0.4
B30,8,False,20.0,0.05,0.40400001406669617,31.838565022421523,1.2
B30,8,False,20.0,0.075,0.25200000405311584,24.696356275303643,0.0
B30,8,False,20.0,0.1,0.18400001525878906,20.0,0.0
B30,8,False,20.0,0.125,0.17600001394748688,18.4,0.0
B30,8,False,20.0,0.15,0.12800000607967377,11.600000000000001,0.0
B30,8,False,20.0,0.175,0.10000000149011612,10.4,0.0
B30,8,False,20.0,0.2,0.052000001072883606,7.199999999999999,0.0
B30,8,False,25.0,0.0,0.9920000433921814,0.0,0.0
B30,8,False,25.0,0.025,0.7040000557899475,33.33333333333333,0.4
B30,8,False,25.0,0.05,0.4480000138282776,40.08810572687225,1.6
B30,8,False,25.0,0.075,0.328000009059906,32.1285140562249,0.0
B30,8,False,25.0,0.1,0.25600001215934753,28.799999999999997,0.0
B30,8,False,25.0,0.125,0.25200000405311584,28.4,0.0
B30,8,False,25.0,0.15,0.20800000429153442,20.8,0.0
B30,8,False,25.0,0.175,0.14400000870227814,14.000000000000002,0.0
B30,8,False,25.0,0.2,0.1600000113248825,20.0,0.0
B30,8,False,30.0,0.0,0.9920000433921814,0.0,0.0
B30,8,False,30.0,0.025,0.7080000042915344,35.45454545454545,1.6
B30,8,False,30.0,0.05,0.492000013589859,46.63677130044843,2.0
B30,8,False,30.0,0.075,0.4000000059604645,42.570281124497996,0.0
B30,8,False,30.0,0.1,0.34800001978874207,38.4,0.0
B30,8,False,30.0,0.125,0.2880000174045563,33.2,0.0
B30,8,False,30.0,0.15,0.2600000202655792,30.8,0.0
B30,8,False,30.0,0.175,0.20800000429153442,23.200000000000003,0.0
B30,8,False,30.0,0.2,0.20400001108646393,22.400000000000002,0.0
B30,8,False,35.0,0.0,0.9920000433921814,0.0,0.0
B30,8,False,35.0,0.025,0.7280000448226929,42.47787610619469,0.8
B30,8,False,35.0,0.05,0.5160000324249268,47.53363228699551,1.6
B30,8,False,35.0,0.075,0.4400000274181366,47.791164658634536,0.0
B30,8,False,35.0,0.1,0.3880000114440918,41.6,0.0
B30,8,False,35.0,0.125,0.36400002241134644,39.6,0.0
B30,8,False,35.0,0.15,0.2840000092983246,31.2,0.0
B30,8,False,35.0,0.175,0.2800000011920929,32.4,0.0
B30,8,False,35.0,0.2,0.23600001633167267,27.200000000000003,0.0
B30,8,False,40.0,0.0,0.9920000433921814,0.0,0.0
B30,8,False,40.0,0.025,0.7320000529289246,44.91525423728814,0.8
B30,8,False,40.0,0.05,0.5560000538825989,53.125,2.0
B30,8,False,40.0,0.075,0.48000001907348633,49.79919678714859,0.4
B30,8,False,40.0,0.1,0.4480000138282776,46.400000000000006,0.0
B30,8,False,40.0,0.125,0.3840000033378601,41.199999999999996,0.0
B30,8,False,40.0,0.15,0.36400002241134644,40.400000000000006,0.0
B30,8,False,40.0,0.175,0.328000009059906,38.0,0.0
B30,8,False,40.0,0.2,0.30000001192092896,32.800000000000004,0.0
B30,8,False,45.0,0.0,0.9920000433921814,0.0,0.0
B30,8,False,45.0,0.025,0.7440000176429749,45.535714285714285,1.2
B30,8,False,45.0,0.05,0.6080000400543213,58.29596412556054,2.4
B30,8,False,45.0,0.075,0.5040000081062317,53.62903225806451,0.0
B30,8,False,45.0,0.1,0.46800002455711365,48.4,0.0
B30,8,False,45.0,0.125,0.4440000355243683,47.199999999999996,0.0
B30,8,False,45.0,0.15,0.40800002217292786,44.4,0.0
B30,8,False,45.0,0.175,0.35200002789497375,40.400000000000006,0.0
B30,8,False,45.0,0.2,0.328000009059906,35.199999999999996,0.0
B30,8,False,50.0,0.0,0.9920000433921814,0.0,0.0
B30,8,False,50.0,0.025,0.7600000500679016,47.008547008547005,1.2
B30,8,False,50.0,0.05,0.5720000267028809,57.77777777777777,2.0
B30,8,False,50.0,0.075,0.5360000133514404,57.599999999999994,0.0
B30,8,False,50.0,0.1,0.5200000405311584,58.4,0.0
B30,8,False,50.0,0.125,0.48000001907348633,51.6,0.0
B30,8,False,50.0,0.15,0.4320000112056732,46.400000000000006,0.0
B30,8,False,50.0,0.175,0.3800000250339508,43.6,0.0
B30,8,False,50.0,0.2,0.3760000169277191,39.6,0.0
B30,8,False,55.0,0.0,0.9920000433921814,0.0,0.0
B30,8,False,55.0,0.025,0.7720000147819519,49.107142857142854,2.0
B30,8,False,55.0,0.05,0.6040000319480896,61.504424778761056,1.2
B30,8,False,55.0,0.075,0.5640000104904175,57.028112449799195,0.0
B30,8,False,55.0,0.1,0.5160000324249268,56.00000000000001,0.0
B30,8,False,55.0,0.125,0.5080000162124634,56.00000000000001,0.0
B30,8,False,55.0,0.15,0.46000000834465027,52.0,0.0
B30,8,False,55.0,0.175,0.40800002217292786,47.599999999999994,0.0
B30,8,False,55.0,0.2,0.40400001406669617,42.8,0.0
B30,8,False,60.0,0.0,0.9920000433921814,0.0,0.4
B30,8,False,60.0,0.025,0.7640000581741333,52.17391304347826,1.6
B30,8,False,60.0,0.05,0.6320000290870667,63.013698630136986,2.4
B30,8,False,60.0,0.075,0.5840000510215759,60.88709677419355,0.4
B30,8,False,60.0,0.1,0.5200000405311584,59.199999999999996,0.0
B30,8,False,60.0,0.125,0.5080000162124634,57.599999999999994,0.0
B30,8,False,60.0,0.15,0.47200003266334534,53.2,0.0
B30,8,False,60.0,0.175,0.46000000834465027,47.199999999999996,0.0
B30,8,False,60.0,0.2,0.4320000112056732,47.199999999999996,0.0
B30,8,False,65.0,0.0,0.9920000433921814,0.0,0.4
B30,8,False,65.0,0.025,0.7800000309944153,52.991452991452995,1.2
B30,8,False,65.0,0.05,0.6320000290870667,63.51351351351351,1.6
B30,8,False,65.0,0.075,0.5960000157356262,62.096774193548384,0.4
B30,8,False,65.0,0.1,0.5520000457763672,62.0,0.0
B30,8,False,65.0,0.125,0.5360000133514404,59.199999999999996,0.0
B30,8,False,65.0,0.15,0.5,55.60000000000001,0.0
B30,8,False,65.0,0.175,0.46800002455711365,49.6,0.0
B30,8,False,65.0,0.2,0.42000001668930054,47.199999999999996,0.0
B30,8,False,70.0,0.0,0.9920000433921814,0.0,0.4
B30,8,False,70.0,0.025,0.7760000228881836,56.52173913043478,2.0
B30,8,False,70.0,0.05,0.6440000534057617,68.30357142857143,2.0
B30,8,False,70.0,0.075,0.5920000076293945,65.32258064516128,0.4
B30,8,False,70.0,0.1,0.5600000023841858,61.6,0.0
B30,8,False,70.0,0.125,0.5480000376701355,62.0,0.0
B30,8,False,70.0,0.15,0.5400000214576721,58.4,0.0
B30,8,False,70.0,0.175,0.484000027179718,52.800000000000004,0.0
B30,8,False,70.0,0.2,0.47200003266334534,52.0,0.0
B30,8,False,75.0,0.0,0.9920000433921814,0.0,0.4
B30,8,False,75.0,0.025,0.7880000472068787,61.40350877192983,2.4
B30,8,False,75.0,0.05,0.6360000371932983,64.86486486486487,1.6
B30,8,False,75.0,0.075,0.6040000319480896,64.2570281124498,0.0
B30,8,False,75.0,0.1,0.5800000429153442,64.4,0.0
B30,8,False,75.0,0.125,0.5480000376701355,61.199999999999996,0.0
B30,8,False,75.0,0.15,0.5720000267028809,62.4,0.0
B30,8,False,75.0,0.175,0.5240000486373901,57.599999999999994,0.0
B30,8,False,75.0,0.2,0.4880000352859497,54.800000000000004,0.0
B30,8,False,80.0,0.0,0.9920000433921814,0.0,0.8
B30,8,False,80.0,0.025,0.784000039100647,56.03448275862068,2.0
B30,8,False,80.0,0.05,0.6520000100135803,67.54385964912281,2.8000000000000003
B30,8,False,80.0,0.075,0.6200000047683716,69.23076923076923,0.4
B30,8,False,80.0,0.1,0.5800000429153442,65.60000000000001,0.0
B30,8,False,80.0,0.125,0.5760000348091125,64.4,0.0
B30,8,False,80.0,0.15,0.5440000295639038,62.4,0.0
B30,8,False,80.0,0.175,0.5080000162124634,57.199999999999996,0.0
B30,8,False,80.0,0.2,0.5240000486373901,54.800000000000004,0.0
B30,9,False,0.0,0.0,0.9920000433921814,0.0,0.0
B30,9,False,0.0,0.025,0.5600000023841858,0.0,0.0
B30,9,False,0.0,0.05,0.1120000034570694,0.0,0.0
B30,9,False,0.0,0.075,0.012000000104308128,0.0,0.0
B30,9,False,0.0,0.1,0.0,0.0,0.0
B30,9,False,0.0,0.125,0.0,0.0,0.0
B30,9,False,0.0,0.15,0.0,0.0,0.0
B30,9,False,0.0,0.175,0.0,0.0,0.0
B30,9,False,0.0,0.2,0.0,0.0,0.0
B30,9,False,10.0,0.0,0.9920000433921814,0.0,0.0
B30,9,False,10.0,0.025,0.612000048160553,14.035087719298245,0.0
B30,9,False,10.0,0.05,0.23200000822544098,14.414414414414415,0.8
B30,9,False,10.0,0.075,0.07600000500679016,5.220883534136546,0.0
B30,9,False,10.0,0.1,0.024000000208616257,2.8000000000000003,0.0
B30,9,False,10.0,0.125,0.01600000075995922,1.6,0.0
B30,9,False,10.0,0.15,0.00800000037997961,1.2,0.0
B30,9,False,10.0,0.175,0.0,0.0,0.0
B30,9,False,10.0,0.2,0.020000001415610313,2.4,0.0
B30,9,False,15.0,0.0,0.9920000433921814,0.0,0.0
B30,9,False,15.0,0.025,0.6360000371932983,13.88888888888889,0.0
B30,9,False,15.0,0.05,0.29200002551078796,17.647058823529413,1.2
B30,9,False,15.0,0.075,0.15600000321865082,14.516129032258066,0.0
B30,9,False,15.0,0.1,0.10000000149011612,9.2,0.0
B30,9,False,15.0,0.125,0.06400000303983688,6.4,0.0
B30,9,False,15.0,0.15,0.052000001072883606,6.0,0.0
B30,9,False,15.0,0.175,0.036000002175569534,4.3999999999999995,0.0
B30,9,False,15.0,0.2,0.020000001415610313,2.8000000000000003,0.0
B30,9,False,20.0,0.0,0.9920000433921814,0.0,0.0
B30,9,False,20.0,0.025,0.6720000505447388,24.324324324324326,0.8
B30,9,False,20.0,0.05,0.3440000116825104,26.637554585152838,0.8
B30,9,False,20.0,0.075,0.23200000822544098,21.2,0.0
B30,9,False,20.0,0.1,0.1680000126361847,17.599999999999998,0.0
B30,9,False,20.0,0.125,0.14800000190734863,15.6,0.0
B30,9,False,20.0,0.15,0.12800000607967377,14.000000000000002,0.0
B30,9,False,20.0,0.175,0.08800000697374344,9.6,0.0
B30,9,False,20.0,0.2,0.09600000083446503,8.799999999999999,0.0
B30,9,False,25.0,0.0,0.9920000433921814,0.0,0.0
B30,9,False,25.0,0.025,0.6800000071525574,23.58490566037736,0.4
B30,9,False,25.0,0.05,0.3960000276565552,29.333333333333332,1.2
B30,9,False,25.0,0.075,0.3240000009536743,34.13654618473896,0.0
B30,9,False,25.0,0.1,0.2639999985694885,26.8,0.0
B30,9,False,25.0,0.125,0.19600000977516174,21.2,0.0
B30,9,False,25.0,0.15,0.19600000977516174,20.4,0.0
B30,9,False,25.0,0.175,0.1720000058412552,18.8,0.0
B30,9,False,25.0,0.2,0.12400000542402267,15.2,0.0
B30,9,False,30.0,0.0,0.9920000433921814,0.0,0.0
B30,9,False,30.0,0.025,0.7040000557899475,33.33333333333333,0.0
B30,9,False,30.0,0.05,0.4480000138282776,39.81900452488688,1.6
B30,9,False,30.0,0.075,0.3680000305175781,37.2,0.0
B30,9,False,30.0,0.1,0.30800002813339233,34.8,0.0
B30,9,False,30.0,0.125,0.2760000228881836,30.4,0.0
B30,9,False,30.0,0.15,0.2720000147819519,29.2,0.0
B30,9,False,30.0,0.175,0.20400001108646393,23.200000000000003,0.0
B30,9,False,30.0,0.2,0.18000000715255737,18.4,0.0
B30,9,False,35.0,0.0,0.9920000433921814,0.0,0.0
B30,9,False,35.0,0.025,0.6880000233650208,33.89830508474576,0.8
B30,9,False,35.0,0.05,0.5120000243186951,46.42857142857143,2.0
B30,9,False,35.0,0.075,0.3840000033378601,43.31983805668016,0.0
B30,9,False,35.0,0.1,0.3760000169277191,38.4,0.0
B30,9,False,35.0,0.125,0.35200002789497375,39.6,0.0
B30,9,False,35.0,0.15,0.29600000381469727,32.0,0.0
B30,9,False,35.0,0.175,0.29200002551078796,29.599999999999998,0.0
B30,9,False,35.0,0.2,0.25200000405311584,26.400000000000002,0.0
B30,9,False,40.0,0.0,0.9920000433921814,0.0,0.0
B30,9,False,40.0,0.025,0.7160000205039978,36.93693693693694,0.0
B30,9,False,40.0,0.05,0.5200000405311584,47.55555555555556,2.0
B30,9,False,40.0,0.075,0.46400001645088196,46.800000000000004,0.0
B30,9,False,40.0,0.1,0.4360000193119049,46.400000000000006,0.0
B30,9,False,40.0,0.125,0.3920000195503235,43.2,0.0
B30,9,False,40.0,0.15,0.3400000035762787,36.0,0.0
B30,9,False,40.0,0.175,0.328000009059906,34.8,0.0
B30,9,False,40.0,0.2,0.2800000011920929,32.800000000000004,0.0
B30,9,False,45.0,0.0,0.9920000433921814,0.0,0.0
B30,9,False,45.0,0.025,0.7200000286102295,40.17094017094017,0.4
B30,9,False,45.0,0.05,0.5320000052452087,50.89285714285714,1.6
B30,9,False,45.0,0.075,0.47200003266334534,52.208835341365464,0.0
B30,9,False,45.0,0.1,0.46400001645088196,50.0,0.0
B30,9,False,45.0,0.125,0.4280000329017639,44.800000000000004,0.0
B30,9,False,45.0,0.15,0.4240000247955322,43.6,0.0
B30,9,False,45.0,0.175,0.3800000250339508,41.199999999999996,0.0
B30,9,False,45.0,0.2,0.31200000643730164,34.8,0.0
B30,9,False,50.0,0.0,0.9920000433921814,0.0,0.0
B30,9,False,50.0,0.025,0.7280000448226929,43.58974358974359,0.4
B30,9,False,50.0,0.05,0.5480000376701355,56.502242152466366,1.6
B30,9,False,50.0,0.075,0.5120000243186951,54.25101214574899,0.8
B30,9,False,50.0,0.1,0.4960000216960907,52.610441767068274,0.0
B30,9,False,50.0,0.125,0.46000000834465027,47.599999999999994,0.0
B30,9,False,50.0,0.15,0.4520000219345093,50.0,0.0
B30,9,False,50.0,0.175,0.3920000195503235,42.0,0.0
B30,9,False,50.0,0.2,0.34800001978874207,39.6,0.0
B30,9,False,55.0,0.0,0.9920000433921814,0.0,0.0
B30,9,False,55.0,0.025,0.7360000610351562,41.964285714285715,0.8
B30,9,False,55.0,0.05,0.5840000510215759,56.25,1.6
B30,9,False,55.0,0.075,0.5400000214576721,55.60000000000001,0.0
B30,9,False,55.0,0.1,0.5160000324249268,54.800000000000004,0.0
B30,9,False,55.0,0.125,0.4880000352859497,52.400000000000006,0.0
B30,9,False,55.0,0.15,0.48000001907348633,52.400000000000006,0.0
B30,9,False,55.0,0.175,0.4240000247955322,42.8,0.0
B30,9,False,55.0,0.2,0.41200003027915955,43.6,0.0
B30,9,False,60.0,0.0,0.9920000433921814,0.0,0.0
B30,9,False,60.0,0.025,0.7360000610351562,44.73684210526316,1.6
B30,9,False,60.0,0.05,0.6040000319480896,58.29596412556054,1.6
B30,9,False,60.0,0.075,0.5640000104904175,59.91902834008097,0.4
B30,9,False,60.0,0.1,0.5120000243186951,54.400000000000006,0.0
B30,9,False,60.0,0.125,0.5080000162124634,54.800000000000004,0.0
B30,9,False,60.0,0.15,0.4480000138282776,49.6,0.0
B30,9,False,60.0,0.175,0.41600000858306885,46.800000000000004,0.0
B30,9,False,60.0,0.2,0.4360000193119049,45.6,0.0
B30,9,False,65.0,0.0,0.9920000433921814,0.0,0.0
B30,9,False,65.0,0.025,0.7520000338554382,50.0,1.2
B30,9,False,65.0,0.05,0.6160000562667847,60.96491228070175,1.6
B30,9,False,65.0,0.075,0.5920000076293945,61.84738955823293,0.0
B30,9,False,65.0,0.1,0.5480000376701355,59.599999999999994,0.0
B30,9,False,65.0,0.125,0.5120000243186951,55.60000000000001,0.0
B30,9,False,65.0,0.15,0.47600001096725464,53.6,0.0
B30,9,False,65.0,0.175,0.48000001907348633,52.400000000000006,0.0
B30,9,False,65.0,0.2,0.4320000112056732,46.800000000000004,0.0
B30,9,False,70.0,0.0,0.9920000433921814,0.0,0.0
B30,9,False,70.0,0.025,0.7480000257492065,48.30508474576271,1.2
B30,9,False,70.0,0.05,0.628000020980835,61.085972850678736,1.6
B30,9,False,70.0,0.075,0.5720000267028809,61.84738955823293,0.4
B30,9,False,70.0,0.1,0.5640000104904175,63.2,0.0
B30,9,False,70.0,0.125,0.527999997138977,58.8,0.0
B30,9,False,70.0,0.15,0.4960000216960907,55.2,0.0
B30,9,False,70.0,0.175,0.5040000081062317,54.800000000000004,0.0
B30,9,False,70.0,0.2,0.46400001645088196,52.0,0.0
B30,9,False,75.0,0.0,0.9920000433921814,0.0,0.0
B30,9,False,75.0,0.025,0.7520000338554382,47.78761061946903,1.2
B30,9,False,75.0,0.05,0.6320000290870667,65.76576576576578,2.0
B30,9,False,75.0,0.075,0.5920000076293945,63.05220883534136,0.0
B30,9,False,75.0,0.1,0.5680000185966492,63.2,0.0
B30,9,False,75.0,0.125,0.5320000052452087,60.0,0.0
B30,9,False,75.0,0.15,0.5240000486373901,60.0,0.0
B30,9,False,75.0,0.175,0.4960000216960907,55.60000000000001,0.0
B30,9,False,75.0,0.2,0.484000027179718,53.2,0.0
B30,9,False,80.0,0.0,0.9920000433921814,0.0,0.0
B30,9,False,80.0,0.025,0.7640000581741333,50.0,1.2
B30,9,False,80.0,0.05,0.6440000534057617,65.91928251121077,2.4
B30,9,False,80.0,0.075,0.5840000510215759,63.6,0.0
B30,9,False,80.0,0.1,0.5760000348091125,63.2,0.0
B30,9,False,80.0,0.125,0.5640000104904175,62.4,0.0
B30,9,False,80.0,0.15,0.5200000405311584,56.39999999999999,0.0
B30,9,False,80.0,0.175,0.5320000052452087,58.4,0.0
B30,9,False,80.0,0.2,0.492000013589859,53.6,0.0
B30,10,False,0.0,0.0,0.9920000433921814,0.0,0.0
B30,10,False,0.0,0.025,0.5560000538825989,0.0,0.0
B30,10,False,0.0,0.05,0.1120000034570694,0.0,0.0
B30,10,False,0.0,0.075,0.004000000189989805,0.0,0.0
B30,10,False,0.0,0.1,0.0,0.0,0.0
B30,10,False,0.0,0.125,0.0,0.0,0.0
B30,10,False,0.0,0.15,0.0,0.0,0.0
B30,10,False,0.0,0.175,0.0,0.0,0.0
B30,10,False,0.0,0.2,0.0,0.0,0.0
B30,10,False,10.0,0.0,0.9920000433921814,0.0,0.0
B30,10,False,10.0,0.025,0.5920000076293945,6.896551724137931,0.0
B30,10,False,10.0,0.05,0.2160000056028366,9.090909090909092,0.4
B30,10,False,10.0,0.075,0.052000001072883606,5.622489959839357,0.0
B30,10,False,10.0,0.1,0.036000002175569534,3.2,0.0
B30,10,False,10.0,0.125,0.024000000208616257,2.8000000000000003,0.0
B30,10,False,10.0,0.15,0.004000000189989805,0.4,0.0
B30,10,False,10.0,0.175,0.012000000104308128,1.6,0.0
B30,10,False,10.0,0.2,0.00800000037997961,0.8,0.0
B30,10,False,15.0,0.0,0.9920000433921814,0.0,0.0
B30,10,False,15.0,0.025,0.628000020980835,9.25925925925926,0.8
B30,10,False,15.0,0.05,0.2720000147819519,16.964285714285715,0.4
B30,10,False,15.0,0.075,0.13600000739097595,12.851405622489958,0.0
B30,10,False,15.0,0.1,0.12000000476837158,8.799999999999999,0.0
B30,10,False,15.0,0.125,0.08000000566244125,6.4,0.0
B30,10,False,15.0,0.15,0.052000001072883606,4.0,0.0
B30,10,False,15.0,0.175,0.036000002175569534,2.4,0.0
B30,10,False,15.0,0.2,0.036000002175569534,2.4,0.0
B30,10,False,20.0,0.0,0.9920000433921814,0.0,0.0
B30,10,False,20.0,0.025,0.64000004529953,14.782608695652174,0.4
B30,10,False,20.0,0.05,0.328000009059906,23.008849557522122,0.8
B30,10,False,20.0,0.075,0.2200000137090683,20.0,0.0
B30,10,False,20.0,0.1,0.18400001525878906,17.2,0.0
B30,10,False,20.0,0.125,0.15600000321865082,16.8,0.0
B30,10,False,20.0,0.15,0.12800000607967377,14.799999999999999,0.0
B30,10,False,20.0,0.175,0.1080000028014183,8.4,0.0
B30,10,False,20.0,0.2,0.08000000566244125,7.199999999999999,0.0
B30,10,False,25.0,0.0,0.9920000433921814,0.0,0.0
B30,10,False,25.0,0.025,0.656000018119812,26.495726495726498,0.0
B30,10,False,25.0,0.05,0.3680000305175781,28.125,1.2
B30,10,False,25.0,0.075,0.2639999985694885,25.702811244979916,0.4
B30,10,False,25.0,0.1,0.24000000953674316,22.983870967741936,0.0
B30,10,False,25.0,0.125,0.2120000123977661,22.400000000000002,0.0
B30,10,False,25.0,0.15,0.14000000059604645,18.0,0.0
B30,10,False,25.0,0.175,0.1720000058412552,18.0,0.0
B30,10,False,25.0,0.2,0.15200001001358032,16.0,0.0
B30,10,False,30.0,0.0,0.9920000433921814,0.0,0.0
B30,10,False,30.0,0.025,0.6760000586509705,20.18348623853211,0.4
B30,10,False,30.0,0.05,0.3960000276565552,32.42009132420091,1.2
B30,10,False,30.0,0.075,0.328000009059906,33.064516129032256,0.0
B30,10,False,30.0,0.1,0.30800002813339233,30.0,0.0
B30,10,False,30.0,0.125,0.25200000405311584,27.200000000000003,0.0
B30,10,False,30.0,0.15,0.24000000953674316,26.8,0.0
B30,10,False,30.0,0.175,0.24000000953674316,22.0,0.0
B30,10,False,30.0,0.2,0.22800001502037048,22.8,0.0
B30,10,False,35.0,0.0,0.9920000433921814,0.0,0.0
B30,10,False,35.0,0.025,0.6880000233650208,29.565217391304348,0.8
B30,10,False,35.0,0.05,0.4480000138282776,38.56502242152467,1.6
B30,10,False,35.0,0.075,0.3680000305175781,36.4,0.0
B30,10,False,35.0,0.1,0.35600000619888306,36.4,0.0
B30,10,False,35.0,0.125,0.320000022649765,35.199999999999996,0.0
B30,10,False,35.0,0.15,0.2720000147819519,30.8,0.0
B30,10,False,35.0,0.175,0.22800001502037048,27.6,0.0
B30,10,False,35.0,0.2,0.22800001502037048,24.8,0.0
B30,10,False,40.0,0.0,0.9920000433921814,0.0,0.0
B30,10,False,40.0,0.025,0.6840000152587891,30.434782608695656,0.0
B30,10,False,40.0,0.05,0.484000027179718,41.85022026431718,1.2
B30,10,False,40.0,0.075,0.4320000112056732,46.37096774193548,0.0
B30,10,False,40.0,0.1,0.41200003027915955,42.8,0.0
B30,10,False,40.0,0.125,0.3440000116825104,38.4,0.0
B30,10,False,40.0,0.15,0.328000009059906,35.199999999999996,0.0
B30,10,False,40.0,0.175,0.3240000009536743,37.6,0.0
B30,10,False,40.0,0.2,0.2760000228881836,30.4,0.0
B30,10,False,45.0,0.0,0.9920000433921814,0.0,0.0
B30,10,False,45.0,0.025,0.6920000314712524,35.59322033898305,0.4
B30,10,False,45.0,0.05,0.484000027179718,47.136563876651984,1.2
B30,10,False,45.0,0.075,0.4400000274181366,47.983870967741936,0.0
B30,10,False,45.0,0.1,0.42000001668930054,45.2,0.0
B30,10,False,45.0,0.125,0.4400000274181366,44.0,0.0
B30,10,False,45.0,0.15,0.3840000033378601,43.6,0.0
B30,10,False,45.0,0.175,0.3400000035762787,35.6,0.0
B30,10,False,45.0,0.2,0.30000001192092896,32.800000000000004,0.0
B30,10,False,50.0,0.0,0.9920000433921814,0.0,0.0
B30,10,False,50.0,0.025,0.7040000557899475,36.84210526315789,0.0
B30,10,False,50.0,0.05,0.5360000133514404,49.7737556561086,2.0
B30,10,False,50.0,0.075,0.46000000834465027,52.016129032258064,0.0
B30,10,False,50.0,0.1,0.4880000352859497,48.8,0.0
B30,10,False,50.0,0.125,0.4360000193119049,46.800000000000004,0.0
B30,10,False,50.0,0.15,0.41200003027915955,44.0,0.0
B30,10,False,50.0,0.175,0.3760000169277191,38.800000000000004,0.0
B30,10,False,50.0,0.2,0.3680000305175781,41.199999999999996,0.0
B30,10,False,55.0,0.0,0.9920000433921814,0.0,0.0
B30,10,False,55.0,0.025,0.7120000123977661,36.206896551724135,0.4
B30,10,False,55.0,0.05,0.5320000052452087,49.54545454545455,2.0
B30,10,False,55.0,0.075,0.527999997138977,55.82329317269076,0.4
B30,10,False,55.0,0.1,0.4880000352859497,52.800000000000004,0.0
B30,10,False,55.0,0.125,0.4480000138282776,49.2,0.0
B30,10,False,55.0,0.15,0.4400000274181366,44.800000000000004,0.0
B30,10,False,55.0,0.175,0.41200003027915955,43.6,0.0
B30,10,False,55.0,0.2,0.35200002789497375,36.8,0.0
B30,10,False,60.0,0.0,0.9920000433921814,0.0,0.0
B30,10,False,60.0,0.025,0.7240000367164612,40.54054054054054,0.8
B30,10,False,60.0,0.05,0.5640000104904175,53.81165919282511,1.6
B30,10,False,60.0,0.075,0.527999997138977,55.82329317269076,0.4
B30,10,False,60.0,0.1,0.5240000486373901,57.599999999999994,0.0
B30,10,False,60.0,0.125,0.484000027179718,54.800000000000004,0.0
B30,10,False,60.0,0.15,0.47600001096725464,50.8,0.0
B30,10,False,60.0,0.175,0.42000001668930054,45.2,0.0
B30,10,False,60.0,0.2,0.40800002217292786,45.6,0.0
B30,10,False,65.0,0.0,0.9920000433921814,0.0,0.0
B30,10,False,65.0,0.025,0.7160000205039978,35.18518518518518,0.4
B30,10,False,65.0,0.05,0.5800000429153442,54.86725663716814,1.2
B30,10,False,65.0,0.075,0.5320000052452087,57.831325301204814,0.0
B30,10,False,65.0,0.1,0.5200000405311584,54.0,0.0
B30,10,False,65.0,0.125,0.527999997138977,57.199999999999996,0.0
B30,10,False,65.0,0.15,0.484000027179718,50.0,0.0
B30,10,False,65.0,0.175,0.46000000834465027,50.0,0.0
B30,10,False,65.0,0.2,0.4320000112056732,46.0,0.0
B30,10,False,70.0,0.0,0.9920000433921814,0.0,0.0
B30,10,False,70.0,0.025,0.7280000448226929,40.707964601769916,1.2
B30,10,False,70.0,0.05,0.5920000076293945,55.60538116591929,2.0
B30,10,False,70.0,0.075,0.5720000267028809,59.599999999999994,0.0
B30,10,False,70.0,0.1,0.5520000457763672,60.0,0.0
B30,10,False,70.0,0.125,0.5200000405311584,55.60000000000001,0.0
B30,10,False,70.0,0.15,0.527999997138977,55.60000000000001,0.0
B30,10,False,70.0,0.175,0.4520000219345093,50.4,0.0
B30,10,False,70.0,0.2,0.4320000112056732,49.6,0.0
B30,10,False,75.0,0.0,0.9920000433921814,0.0,0.0
B30,10,False,75.0,0.025,0.7200000286102295,41.228070175438596,0.4
B30,10,False,75.0,0.05,0.6080000400543213,58.371040723981906,1.6
B30,10,False,75.0,0.075,0.5560000538825989,60.483870967741936,0.4
B30,10,False,75.0,0.1,0.5480000376701355,60.4,0.0
B30,10,False,75.0,0.125,0.5400000214576721,57.199999999999996,0.0
B30,10,False,75.0,0.15,0.5240000486373901,57.599999999999994,0.0
B30,10,False,75.0,0.175,0.5160000324249268,56.39999999999999,0.0
B30,10,False,75.0,0.2,0.45600003004074097,51.6,0.0
B30,10,False,80.0,0.0,0.9920000433921814,0.0,0.0
B30,10,False,80.0,0.025,0.7360000610351562,39.823008849557525,0.8
B30,10,False,80.0,0.05,0.6200000047683716,59.19282511210763,2.4
B30,10,False,80.0,0.075,0.5720000267028809,63.45381526104418,0.4
B30,10,False,80.0,0.1,0.5600000023841858,62.4,0.0
B30,10,False,80.0,0.125,0.5640000104904175,64.4,0.0
B30,10,False,80.0,0.15,0.5320000052452087,61.6,0.0
B30,10,False,80.0,0.175,0.5120000243186951,55.60000000000001,0.0
B30,10,False,80.0,0.2,0.5120000243186951,53.6,0.0
