epoch,train_total_loss,train_clean_full_loss,train_adv_full_loss,train_clean_acc,train_adv_acc,train_proto_clean_ce,train_proto_clean_recon,train_proto_clean_kl,train_proto_clean_ortho,train_proto_adv_ce,train_proto_adv_recon,train_proto_adv_kl,train_proto_adv_ortho,train_senn_clean_nll,train_senn_clean_concept_loss,train_senn_clean_robust_loss,train_senn_clean_recon,train_senn_adv_nll,train_senn_adv_concept_loss,train_senn_adv_robust_loss,train_senn_adv_recon,train_b30_clean_ce,train_b30_clean_e1,train_b30_clean_clst,train_b30_clean_sep,train_b30_clean_recon,train_b30_adv_ce,train_b30_adv_e1,train_b30_adv_clst,train_b30_adv_sep,train_b30_adv_recon,val_total_loss,val_clean_full_loss,val_adv_full_loss,val_clean_acc,val_adv_acc,val_proto_clean_ce,val_proto_clean_recon,val_proto_clean_kl,val_proto_clean_ortho,val_proto_adv_ce,val_proto_adv_recon,val_proto_adv_kl,val_proto_adv_ortho,val_senn_clean_nll,val_senn_clean_concept_loss,val_senn_clean_robust_loss,val_senn_clean_recon,val_senn_adv_nll,val_senn_adv_concept_loss,val_senn_adv_robust_loss,val_senn_adv_recon,val_b30_clean_ce,val_b30_clean_e1,val_b30_clean_clst,val_b30_clean_sep,val_b30_clean_recon,val_b30_adv_ce,val_b30_adv_e1,val_b30_adv_clst,val_b30_adv_sep,val_b30_adv_recon
1,4.323577463626862,1.5165266633033752,2.8070508182048797,0.8746875,0.2766875,0.0,0.0,0.0,0.0,0.0,0.0,0.0,0.0,0.9130846383670966,0.4998647248993317,10.357730547587076,0.48912174155314764,2.125254622598489,0.5190615308781464,16.273466336727143,0.5090738454212745,0.0,0.0,0.0,0.0,0.0,0.0,0.0,0.0,0.0,0.0,3.3506463805834454,0.8944380939006805,2.456208284695943,0.9543333333333334,0.38925,0.0,0.0,0.0,0.0,0.0,0.0,0.0,0.0,0.27787789280215897,0.49876844584941865,11.779175631205241,0.48801184048255286,1.7548359195391336,0.5143912216027577,18.698114744822185,0.5045528064171473,0.0,0.0,0.0,0.0,0.0,0.0,0.0,0.0,0.0,0.0
2,4.001833851138751,1.4999932184815408,2.5018406361341476,0.8786875,0.40877083333333336,0.0,0.0,0.0,0.0,0.0,0.0,0.0,0.0,0.9026820326844851,0.49986472229162854,9.744646040598552,0.48912173906962075,1.8313197885950407,0.5120759362975756,15.844491759936014,0.5023376493404309,0.0,0.0,0.0,0.0,0.0,0.0,0.0,0.0,0.0,0.0,3.1292816082636516,0.9020295252402624,2.2272520661354065,0.95075,0.47608333333333336,0.0,0.0,0.0,0.0,0.0,0.0,0.0,0.0,0.2873462731639544,0.4987684498230616,11.591480795542399,0.4880118429660797,1.5350703696409862,0.5081134354074796,18.406825510660806,0.4984444056948026,0.0,0.0,0.0,0.0,0.0,0.0,0.0,0.0,0.0,0.0
3,3.874934442838033,1.4864606534441311,2.3884737879037856,0.8793541666666667,0.4655625,0.0,0.0,0.0,0.0,0.0,0.0,0.0,0.0,0.8898062062760194,0.49986472440262636,9.67897207736969,0.4891217421740294,1.7205810596545537,0.5077017291138569,16.019100995858512,0.49808894818027816,0.0,0.0,0.0,0.0,0.0,0.0,0.0,0.0,0.0,0.0,2.9978891690572103,0.8816644757986069,2.116224698225657,0.9540833333333333,0.5319166666666667,0.0,0.0,0.0,0.0,0.0,0.0,0.0,0.0,0.26932612533370653,0.49876845429341,11.356990400950114,0.488011845946312,1.418999151388804,0.5059644331534704,19.126111221313476,0.49638292044401167,0.0,0.0,0.0,0.0,0.0,0.0,0.0,0.0,0.0,0.0
4,3.7817739963531496,1.459775980313619,2.3219980200131736,0.8887083333333333,0.5033333333333333,0.0,0.0,0.0,0.0,0.0,0.0,0.0,0.0,0.8632990196347237,0.4998647237817446,9.661223689715067,0.48912174068391323,1.6514442776640257,0.5072621919214726,16.32915515899658,0.4977283236881097,0.0,0.0,0.0,0.0,0.0,0.0,0.0,0.0,0.0,0.0,2.89142157236735,0.8676744560400645,2.023747128248215,0.9543333333333334,0.5669166666666666,0.0,0.0,0.0,0.0,0.0,0.0,0.0,0.0,0.25674201821287473,0.4987684468428294,11.216399478912354,0.48801184197266895,1.3298176487286886,0.5054588501652082,18.84706344604492,0.4959322323401769,0.0,0.0,0.0,0.0,0.0,0.0,0.0,0.0,0.0,0.0
5,3.7302469084660212,1.450047073761622,2.2801998416582743,0.8930208333333334,0.5277708333333333,0.0,0.0,0.0,0.0,0.0,0.0,0.0,0.0,0.8543724777797858,0.4998647216707468,9.580987906455993,0.4891217394421498,1.6091079081098238,0.5060085177421569,16.508342429002127,0.496528589601318,0.0,0.0,0.0,0.0,0.0,0.0,0.0,0.0,0.0,0.0,2.82400031487147,0.8564968993266423,1.9675034264723459,0.9575,0.5889166666666666,0.0,0.0,0.0,0.0,0.0,0.0,0.0,0.0,0.2420487605035305,0.4987684468428294,11.567969020207723,0.488011837999026,1.2648936092853547,0.5043525387843449,19.825728766123454,0.49487568736076354,0.0,0.0,0.0,0.0,0.0,0.0,0.0,0.0,0.0,0.0
6,3.681718877951304,1.4421691750486691,2.2395496974388758,0.8967083333333333,0.5461458333333333,0.0,0.0,0.0,0.0,0.0,0.0,0.0,0.0,0.8476536164681117,0.49986472229162854,9.465083678563436,0.48912173956632615,1.5691475927829743,0.5049132390568654,16.5488867799441,0.495475410670042,0.0,0.0,0.0,0.0,0.0,0.0,0.0,0.0,0.0,0.0,2.7656442443529765,0.8457402209440867,1.9199040194352468,0.959,0.6018333333333333,0.0,0.0,0.0,0.0,0.0,0.0,0.0,0.0,0.23507119764884313,0.49876845081647236,11.190057214101156,0.4880118409792582,1.2204652746518454,0.5033034568031629,19.613529936472574,0.49386953115463256,0.0,0.0,0.0,0.0,0.0,0.0,0.0,0.0,0.0,0.0
7,3.64751867155234,1.4323484629392624,2.2151702125867208,0.8993541666666667,0.5595208333333334,0.0,0.0,0.0,0.0,0.0,0.0,0.0,0.0,0.838602697600921,0.49986472179492314,9.388104395071666,0.48912173906962075,1.5447858820358913,0.5039153999338547,16.646893775463106,0.4945116382092237,0.0,0.0,0.0,0.0,0.0,0.0,0.0,0.0,0.0,0.0,2.7266575972239178,0.835041665037473,1.8916159311930338,0.96025,0.6273333333333333,0.0,0.0,0.0,0.0,0.0,0.0,0.0,0.0,0.22755992238720257,0.49876844535271325,10.871329736709594,0.4880118389924367,1.185968455672264,0.5032964587211609,20.235102621714272,0.4938918794194857,0.0,0.0,0.0,0.0,0.0,0.0,0.0,0.0,0.0,0.0
8,3.6257760802904766,1.428456562757492,2.197319518526395,0.9027083333333333,0.5691875,0.0,0.0,0.0,0.0,0.0,0.0,0.0,0.0,0.8356545485556126,0.49986472303668655,9.293729346990585,0.4891217400630315,1.5262412334481874,0.5034313909709454,16.764689481258394,0.4940498363226652,0.0,0.0,0.0,0.0,0.0,0.0,0.0,0.0,0.0,0.0,2.6888145248095197,0.8245615631341934,1.8642529606819154,0.9615,0.6331666666666667,0.0,0.0,0.0,0.0,0.0,0.0,0.0,0.0,0.2204393895963828,0.498768446346124,10.535372447967529,0.4880118409792582,1.163641450802485,0.5021512284874916,19.84602870941162,0.49277336001396177,0.0,0.0,0.0,0.0,0.0,0.0,0.0,0.0,0.0,0.0
9,3.596558498342832,1.4204140946269035,2.1761444017291067,0.9031041666666667,0.5796041666666667,0.0,0.0,0.0,0.0,0.0,0.0,0.0,0.0,0.8286139376461505,0.49986472142239413,9.193543632825216,0.4891217384487391,1.5049214457472166,0.5031148761510849,16.810807498296104,0.49375140604873496,0.0,0.0,0.0,0.0,0.0,0.0,0.0,0.0,0.0,0.0,2.662404994169871,0.8239374130964279,1.8384675920009612,0.9595,0.6413333333333333,0.0,0.0,0.0,0.0,0.0,0.0,0.0,0.0,0.21856384699543316,0.4987684537967046,10.660511445999145,0.488011845946312,1.1368490328391394,0.5014860595266024,20.013250668843586,0.492122841378053,0.0,0.0,0.0,0.0,0.0,0.0,0.0,0.0,0.0,0.0
10,3.5810892472664517,1.4181496168176333,2.1629396344224614,0.906,0.5848125,0.0,0.0,0.0,0.0,0.0,0.0,0.0,0.0,0.8280126266181469,0.49986472427845,9.027226702372234,0.489121741677324,1.4933172389864922,0.5022965433696905,16.73258595863978,0.4929565922667583,0.0,0.0,0.0,0.0,0.0,0.0,0.0,0.0,0.0,0.0,2.6267191926638285,0.8248307903607687,1.8018884042898813,0.9596666666666667,0.6578333333333334,0.0,0.0,0.0,0.0,0.0,0.0,0.0,0.0,0.22226970220605533,0.4987684498230616,10.379264386494954,0.48801184395949043,1.1033744424581529,0.5007600863774617,19.775387414296468,0.4914150302608808,0.0,0.0,0.0,0.0,0.0,0.0,0.0,0.0,0.0,0.0
11,3.55518117249012,1.4154383108019828,2.1397428661584854,0.9080208333333334,0.597625,0.0,0.0,0.0,0.0,0.0,0.0,0.0,0.0,0.8270289997259775,0.49986472303668655,8.854458453257879,0.4891217393179735,1.4725961536169052,0.5017905173202356,16.535619513193765,0.49247823903958005,0.0,0.0,0.0,0.0,0.0,0.0,0.0,0.0,0.0,0.0,2.586920773983002,0.8202104727427165,1.7667103131612143,0.9608333333333333,0.6620833333333334,0.0,0.0,0.0,0.0,0.0,0.0,0.0,0.0,0.21913784891366958,0.498768450319767,10.230417315165202,0.4880118429660797,1.0776615460713705,0.5009215762217839,18.812719504038494,0.4916014571984609,0.0,0.0,0.0,0.0,0.0,0.0,0.0,0.0,0.0,0.0
12,3.5279383728901546,1.4132270942131677,2.1147112692395846,0.9062291666666666,0.6110625,0.0,0.0,0.0,0.0,0.0,0.0,0.0,0.0,0.8273225503663222,0.49986472067733606,8.603982218106587,0.4891217396905025,1.450487958888213,0.5010645301391681,16.315877970059713,0.4917837622265021,0.0,0.0,0.0,0.0,0.0,0.0,0.0,0.0,0.0,0.0,2.5301745454470317,0.820178813735644,1.7099957466125488,0.9609166666666666,0.6845833333333333,0.0,0.0,0.0,0.0,0.0,0.0,0.0,0.0,0.22257198964556058,0.498768446346124,9.883837938308716,0.4880118389924367,1.0173626701037088,0.49982381363709766,19.28092756271362,0.49054839412371315,0.0,0.0,0.0,0.0,0.0,0.0,0.0,0.0,0.0,0.0
13,3.4914346863826116,1.4065725654363632,2.084862118959427,0.9097291666666667,0.6283958333333334,0.0,0.0,0.0,0.0,0.0,0.0,0.0,0.0,0.8229209698736668,0.49986472092568873,8.378687169154485,0.4891217384487391,1.4221559941768647,0.5002323066194853,16.24738107919693,0.4909893862903118,0.0,0.0,0.0,0.0,0.0,0.0,0.0,0.0,0.0,0.0,2.495371727148692,0.8236510336399079,1.671720697482427,0.9600833333333333,0.70275,0.0,0.0,0.0,0.0,0.0,0.0,0.0,0.0,0.223669753720363,0.4987684493263563,10.12128308614095,0.4880118409792582,0.9770452708005906,0.4989469935496648,19.57284444173177,0.4896997312704722,0.0,0.0,0.0,0.0,0.0,0.0,0.0,0.0,0.0,0.0
14,3.4664561678965886,1.4014873176813125,2.0649688517053923,0.911375,0.6397916666666666,0.0,0.0,0.0,0.0,0.0,0.0,0.0,0.0,0.8179683903853099,0.49986472316086294,8.365420550107956,0.48912174043556056,1.4017424037059147,0.4996273245662451,16.359913011391956,0.49041237371663254,0.0,0.0,0.0,0.0,0.0,0.0,0.0,0.0,0.0,0.0,2.442238124211629,0.814061485727628,1.6281766414642334,0.9603333333333334,0.7211666666666666,0.0,0.0,0.0,0.0,0.0,0.0,0.0,0.0,0.21613270168503126,0.4987684493263563,9.916033919652303,0.48801184246937435,0.9335319807132085,0.49822384814421333,19.642081514994302,0.4890250260631243,0.0,0.0,0.0,0.0,0.0,0.0,0.0,0.0,0.0,0.0
15,3.448760763804118,1.3999623477458953,2.0487984215219814,0.9115,0.6500833333333333,0.0,0.0,0.0,0.0,0.0,0.0,0.0,0.0,0.8169112068911394,0.49986472142239413,8.318641442060471,0.48912173956632615,1.3852171391248702,0.4991290794064601,16.44522011677424,0.4899399098008871,0.0,0.0,0.0,0.0,0.0,0.0,0.0,0.0,0.0,0.0,2.424057459831238,0.8105816304683685,1.6134758333365122,0.9601666666666666,0.7270833333333333,0.0,0.0,0.0,0.0,0.0,0.0,0.0,0.0,0.21254932433366774,0.49876845131317776,9.926385513941447,0.48801184743642806,0.9192024191220601,0.4979006161292394,19.63728001912435,0.48870947062969206,0.0,0.0,0.0,0.0,0.0,0.0,0.0,0.0,0.0,0.0
16,3.4293983697891237,1.3975912262996038,2.0318071459730467,0.9114166666666667,0.6610833333333334,0.0,0.0,0.0,0.0,0.0,0.0,0.0,0.0,0.8138060676554839,0.4998647253960371,8.39204383889834,0.48912174018720783,1.366931402683258,0.4987887078275283,16.608703962961833,0.4896209564059973,0.0,0.0,0.0,0.0,0.0,0.0,0.0,0.0,0.0,0.0,2.404809232552846,0.8083321114381155,1.5964771211147308,0.96025,0.7370833333333333,0.0,0.0,0.0,0.0,0.0,0.0,0.0,0.0,0.20990133360028268,0.49876845131317776,9.966232999165852,0.48801184445619583,0.9000816484292348,0.497772050400575,19.86234270731608,0.4886110708117485,0.0,0.0,0.0,0.0,0.0,0.0,0.0,0.0,0.0,0.0
17,3.417715919017792,1.39625576287508,2.021460157632828,0.9123125,0.6656458333333334,0.0,0.0,0.0,0.0,0.0,0.0,0.0,0.0,0.8120356716215611,0.4998647225399812,8.435536938905717,0.4891217400630315,1.3547761932015419,0.4985516489793857,16.813231790065764,0.48940322423974675,0.0,0.0,0.0,0.0,0.0,0.0,0.0,0.0,0.0,0.0,2.386902717749278,0.8087075382471085,1.5781951785087585,0.96175,0.7429166666666667,0.0,0.0,0.0,0.0,0.0,0.0,0.0,0.0,0.208864343414704,0.4987684483329455,10.107474978764852,0.48801184048255286,0.8790952950716019,0.49793150573968886,20.11683775583903,0.48876684506734214,0.0,0.0,0.0,0.0,0.0,0.0,0.0,0.0,0.0,0.0
18,3.4094283948342006,1.3962097456057867,2.0132186457514765,0.9126458333333334,0.6767083333333334,0.0,0.0,0.0,0.0,0.0,0.0,0.0,0.0,0.8108816340565681,0.4998647225399812,8.546339023113251,0.4891217396905025,1.3456277837355932,0.49823274550338587,16.935811920960745,0.48909928935269514,0.0,0.0,0.0,0.0,0.0,0.0,0.0,0.0,0.0,0.0,2.3730022152264914,0.8032565991083781,1.5697456141312918,0.9629166666666666,0.74875,0.0,0.0,0.0,0.0,0.0,0.0,0.0,0.0,0.2039110573629538,0.49876845131317776,10.057709058125814,0.48801184197266895,0.8654311100641886,0.49709986746311186,20.721464538574217,0.48796293983856837,0.0,0.0,0.0,0.0,0.0,0.0,0.0,0.0,0.0,0.0
19,3.4034642229477563,1.3949522485335668,2.008511978884538,0.9151666666666667,0.6798541666666666,0.0,0.0,0.0,0.0,0.0,0.0,0.0,0.0,0.8099497313300769,0.49986472316086294,8.513779646158218,0.4891217398146788,1.3410421426097552,0.49807881340384486,16.939102550347645,0.4889615421493848,0.0,0.0,0.0,0.0,0.0,0.0,0.0,0.0,0.0,0.0,2.3492592414220175,0.806867641210556,1.5423916200796763,0.9614166666666667,0.7583333333333333,0.0,0.0,0.0,0.0,0.0,0.0,0.0,0.0,0.20415300577878953,0.4987684448560079,10.394619607925415,0.48801183700561523,0.8512439797321956,0.4972072899341583,19.394036197662352,0.488081452747186,0.0,0.0,0.0,0.0,0.0,0.0,0.0,0.0,0.0,0.0
20,3.3963505486647287,1.3943960751096407,2.0019544819990793,0.9139375,0.6872708333333334,0.0,0.0,0.0,0.0,0.0,0.0,0.0,0.0,0.8080023738245169,0.49986472303668655,8.652897995710372,0.4891217383245627,1.3349008440971375,0.49753221981227397,16.952142079671223,0.48842810168862344,0.0,0.0,0.0,0.0,0.0,0.0,0.0,0.0,0.0,0.0,2.3447900931040446,0.8026254137357076,1.542164675394694,0.96125,0.7604166666666666,0.0,0.0,0.0,0.0,0.0,0.0,0.0,0.0,0.20285341888666153,0.49876845081647236,10.100354735056559,0.4880118469397227,0.8428924997647603,0.4961495180924734,20.312267112731934,0.48704284330209097,0.0,0.0,0.0,0.0,0.0,0.0,0.0,0.0,0.0,0.0
21,3.393446319301923,1.3949164549509685,1.9985298653443655,0.9161041666666667,0.6876666666666666,0.0,0.0,0.0,0.0,0.0,0.0,0.0,0.0,0.807662949214379,0.4998647237817446,8.738878202438354,0.4891217409322659,1.330247921248277,0.49751003831624985,17.07719123760859,0.48841102284689747,0.0,0.0,0.0,0.0,0.0,0.0,0.0,0.0,0.0,0.0,2.3475451429684955,0.8015542894601821,1.545990874369939,0.9621666666666666,0.7628333333333334,0.0,0.0,0.0,0.0,0.0,0.0,0.0,0.0,0.2002750354508559,0.4987684493263563,10.251080465316772,0.48801184395949043,0.8393785516421001,0.49629228313763935,21.032004578908285,0.4871840626001358,0.0,0.0,0.0,0.0,0.0,0.0,0.0,0.0,0.0,0.0
22,3.388117664059003,1.393866462012132,1.9942511921127637,0.9167291666666667,0.6895208333333334,0.0,0.0,0.0,0.0,0.0,0.0,0.0,0.0,0.8057906930645307,0.4998647216707468,8.821103958288829,0.4891217391937971,1.324812695880731,0.4973511591553688,17.208734536170958,0.4882580229391654,0.0,0.0,0.0,0.0,0.0,0.0,0.0,0.0,0.0,0.0,2.3250462293624876,0.8035212496916453,1.521524981657664,0.9628333333333333,0.7644166666666666,0.0,0.0,0.0,0.0,0.0,0.0,0.0,0.0,0.19940977916121483,0.49876844733953474,10.534302234649658,0.48801184495290123,0.8240888079007467,0.4963358864188194,20.110029856363933,0.48723584016164145,0.0,0.0,0.0,0.0,0.0,0.0,0.0,0.0,0.0,0.0
23,3.381649445494016,1.391836195687453,1.989813257753849,0.9171458333333333,0.6944583333333333,0.0,0.0,0.0,0.0,0.0,0.0,0.0,0.0,0.8033313773572445,0.49986472427845,8.864009439945221,0.48912174130479497,1.3205534095565479,0.4973340967049201,17.192575681209565,0.4882482819259167,0.0,0.0,0.0,0.0,0.0,0.0,0.0,0.0,0.0,0.0,2.3382404168446858,0.7995387196540833,1.5387016971906027,0.962,0.7665,0.0,0.0,0.0,0.0,0.0,0.0,0.0,0.0,0.19935995067159334,0.4987684483329455,10.141032059987387,0.4880118409792582,0.8372745861609777,0.496074108282725,20.535300381978352,0.4869808534781138,0.0,0.0,0.0,0.0,0.0,0.0,0.0,0.0,0.0,0.0
24,3.3826602975527447,1.3920350010196367,1.9906253054738046,0.9167708333333333,0.6930625,0.0,0.0,0.0,0.0,0.0,0.0,0.0,0.0,0.8036759503185749,0.49986472104986507,8.849433118104935,0.48912173906962075,1.3197768042484919,0.4973403878509998,17.350811556975046,0.48825713284313677,0.0,0.0,0.0,0.0,0.0,0.0,0.0,0.0,0.0,0.0,2.3184361537297566,0.7988120585680007,1.5196241001288096,0.9624166666666667,0.771,0.0,0.0,0.0,0.0,0.0,0.0,0.0,0.0,0.19718182136615117,0.4987684488296509,10.286179494857787,0.48801184197266895,0.8216283231973648,0.49631662170092267,20.167915630340577,0.4872328956921895,0.0,0.0,0.0,0.0,0.0,0.0,0.0,0.0,0.0,0.0
25,3.3830218146244686,1.3924508159359297,1.990570994714896,0.91825,0.6956875,0.0,0.0,0.0,0.0,0.0,0.0,0.0,0.0,0.8037539894382159,0.4998647241542737,8.883210490147272,0.48912174043556056,1.3198146109779676,0.4971987514446179,17.35576357046763,0.48812489584088326,0.0,0.0,0.0,0.0,0.0,0.0,0.0,0.0,0.0,0.0,2.3297270496686298,0.8060652891794841,1.5236617565155028,0.9625833333333333,0.76575,0.0,0.0,0.0,0.0,0.0,0.0,0.0,0.0,0.19827396174271902,0.49876844733953474,10.902288230260213,0.4880118414759636,0.8201859007279079,0.49637981653213503,20.709605312347414,0.4872809678316116,0.0,0.0,0.0,0.0,0.0,0.0,0.0,0.0,0.0,0.0
26,3.375027363499006,1.3899114032586415,1.9851159612337748,0.91725,0.699875,0.0,0.0,0.0,0.0,0.0,0.0,0.0,0.0,0.8011522928873698,0.49986472104986507,8.88943897287051,0.48912173782785734,1.3141476526856422,0.49706216404835385,17.39061444203059,0.48798823120693363,0.0,0.0,0.0,0.0,0.0,0.0,0.0,0.0,0.0,0.0,2.315682808558146,0.8026378800471624,1.5130449414253235,0.9608333333333333,0.7720833333333333,0.0,0.0,0.0,0.0,0.0,0.0,0.0,0.0,0.19946170548597972,0.4987684518098831,10.440772581100465,0.48801184395949043,0.8155273348093033,0.4959105610847473,20.160704453786213,0.4868307337164879,0.0,0.0,0.0,0.0,0.0,0.0,0.0,0.0,0.0,0.0
27,3.367515517274539,1.3881078004837035,1.979407712817192,0.9180416666666666,0.7015416666666666,0.0,0.0,0.0,0.0,0.0,0.0,0.0,0.0,0.7989982955157757,0.4998647221674522,8.924478101730347,0.4891217384487391,1.3085308382908503,0.4971995271742344,17.367734615008036,0.4881312720477581,0.0,0.0,0.0,0.0,0.0,0.0,0.0,0.0,0.0,0.0,2.317377992471059,0.8020936071872711,1.515284385283788,0.9641666666666666,0.7731666666666667,0.0,0.0,0.0,0.0,0.0,0.0,0.0,0.0,0.1950688232978185,0.498768442372481,10.825634797414144,0.488011837999026,0.8141647974650065,0.49639038145542147,20.47292159398397,0.48730931282043455,0.0,0.0,0.0,0.0,0.0,0.0,0.0,0.0,0.0,0.0
28,3.373995108405749,1.3909749468167623,1.9830201521515847,0.9184583333333334,0.7011666666666667,0.0,0.0,0.0,0.0,0.0,0.0,0.0,0.0,0.8011227287352085,0.4998647241542737,8.998749560117721,0.4891217396905025,1.3102327470978101,0.49709498857458434,17.569241503874462,0.48802552223205564,0.0,0.0,0.0,0.0,0.0,0.0,0.0,0.0,0.0,0.0,2.3095510959625245,0.8001393725474676,1.5094117283821107,0.9625833333333333,0.7781666666666667,0.0,0.0,0.0,0.0,0.0,0.0,0.0,0.0,0.19444542800386747,0.4987684498230616,10.692549832661946,0.4880118389924367,0.8084498445192972,0.4961972042918205,20.476468817392984,0.48711625387271246,0.0,0.0,0.0,0.0,0.0,0.0,0.0,0.0,0.0,0.0
29,3.3765329231818515,1.3913910945256551,1.9851418301463126,0.91875,0.69925,0.0,0.0,0.0,0.0,0.0,0.0,0.0,0.0,0.8001959070563316,0.4998647225399812,9.133046704530717,0.48912173869709175,1.3136095767219862,0.4970831759274006,17.444908436139425,0.48801642830173175,0.0,0.0,0.0,0.0,0.0,0.0,0.0,0.0,0.0,0.0,2.306941827138265,0.8009229451417923,1.5060188829898835,0.9621666666666666,0.7726666666666666,0.0,0.0,0.0,0.0,0.0,0.0,0.0,0.0,0.1968988445897897,0.49876844733953474,10.525565067927042,0.48801184048255286,0.8139267573753993,0.49630576372146606,19.578637186686198,0.4872264489531517,0.0,0.0,0.0,0.0,0.0,0.0,0.0,0.0,0.0,0.0
30,3.369219774007797,1.3886126602689426,1.9806071142355601,0.9201458333333333,0.7011458333333334,0.0,0.0,0.0,0.0,0.0,0.0,0.0,0.0,0.7986808019379775,0.49986472427845,9.006713499625524,0.48912174018720783,1.3088202784458796,0.4972232316931089,17.456360026200613,0.4881563975165288,0.0,0.0,0.0,0.0,0.0,0.0,0.0,0.0,0.0,0.0,2.3038402597109475,0.7989350646734238,1.5049051702022553,0.9640833333333333,0.7786666666666666,0.0,0.0,0.0,0.0,0.0,0.0,0.0,0.0,0.19344786579410236,0.49876844584941865,10.671875254313152,0.48801184246937435,0.8032541433970134,0.4964609021941821,20.519013436635337,0.4873855953415235,0.0,0.0,0.0,0.0,0.0,0.0,0.0,0.0,0.0,0.0
31,3.365754821896553,1.3900737484296164,1.9756810754537582,0.9173125,0.7036458333333333,0.0,0.0,0.0,0.0,0.0,0.0,0.0,0.0,0.799739092340072,0.4998647205531597,9.046993066867193,0.48912173745532833,1.3029936914642652,0.49717461578547956,17.551277220249176,0.48811054304242135,0.0,0.0,0.0,0.0,0.0,0.0,0.0,0.0,0.0,0.0,2.3063433011372885,0.8022683928410212,1.5040749251842498,0.9655,0.777,0.0,0.0,0.0,0.0,0.0,0.0,0.0,0.0,0.19192766671379408,0.49876845131317776,11.157227516174316,0.48801184246937435,0.7932308465242386,0.496893148124218,21.395094267527263,0.4878099819024404,0.0,0.0,0.0,0.0,0.0,0.0,0.0,0.0,0.0,0.0
32,3.3727281004190446,1.3934128736456235,1.9793152267734209,0.9181458333333333,0.7049166666666666,0.0,0.0,0.0,0.0,0.0,0.0,0.0,0.0,0.8030273924271266,0.4998647220432758,9.052075876792271,0.4891217385729154,1.3071710139513015,0.49704152507086596,17.510269713401794,0.48797903321683406,0.0,0.0,0.0,0.0,0.0,0.0,0.0,0.0,0.0,0.0,2.3178534150123595,0.8029965629180272,1.5148568491141001,0.962,0.7765,0.0,0.0,0.0,0.0,0.0,0.0,0.0,0.0,0.1942238601545493,0.4987684518098831,11.000425370534261,0.48801184246937435,0.8088099449872971,0.49619534413019817,20.985156218210857,0.4871096486846606,0.0,0.0,0.0,0.0,0.0,0.0,0.0,0.0,0.0,0.0
33,3.364922108252843,1.387980083624522,1.9769420261184374,0.9197291666666667,0.704625,0.0,0.0,0.0,0.0,0.0,0.0,0.0,0.0,0.7981031571825346,0.49986472601691884,9.0012202501297,0.4891217421740294,1.3042369465033212,0.4967847693711519,17.59203092257182,0.48772863323489823,0.0,0.0,0.0,0.0,0.0,0.0,0.0,0.0,0.0,0.0,2.294955305258433,0.7993971029917399,1.4955581784248353,0.9646666666666667,0.7793333333333333,0.0,0.0,0.0,0.0,0.0,0.0,0.0,0.0,0.19321782117088634,0.49876844584941865,10.741083892186483,0.48801184048255286,0.7954589992761611,0.49584150364001595,20.42576815287272,0.4867783601085345,0.0,0.0,0.0,0.0,0.0,0.0,0.0,0.0,0.0,0.0
34,3.3647758066654205,1.3873158330718676,1.977459981540839,0.91925,0.7045625,0.0,0.0,0.0,0.0,0.0,0.0,0.0,0.0,0.7974007822573185,0.49986472154657047,9.005032724142074,0.4891217398146788,1.3047121013204257,0.49688026184837025,17.58676271835963,0.4878258099158605,0.0,0.0,0.0,0.0,0.0,0.0,0.0,0.0,0.0,0.0,2.3083573977152505,0.7984416584173838,1.5099157353242239,0.965,0.7774166666666666,0.0,0.0,0.0,0.0,0.0,0.0,0.0,0.0,0.19287903010845184,0.4987684443593025,10.679418675104777,0.48801183998584746,0.8022123366594315,0.49639743665854136,21.130595874786376,0.48733194669087726,0.0,0.0,0.0,0.0,0.0,0.0,0.0,0.0,0.0,0.0
35,3.3625272631645204,1.3864827970663707,1.976044470568498,0.920375,0.7080625,0.0,0.0,0.0,0.0,0.0,0.0,0.0,0.0,0.7961923432846864,0.4998647208015124,9.042573362588882,0.4891217389454444,1.3034621705611547,0.49682061647375425,17.576169037818907,0.4877672558029493,0.0,0.0,0.0,0.0,0.0,0.0,0.0,0.0,0.0,0.0,2.2940372705459593,0.8001836558183034,1.493853602806727,0.9620833333333333,0.78425,0.0,0.0,0.0,0.0,0.0,0.0,0.0,0.0,0.19396176462372144,0.4987684523065885,10.74534379641215,0.48801184445619583,0.792701334754626,0.4957371840874354,20.541509850819907,0.48667738686005274,0.0,0.0,0.0,0.0,0.0,0.0,0.0,0.0,0.0,0.0
36,3.3616157601277035,1.3864842300613722,1.9751315375169118,0.9210625,0.7072708333333333,0.0,0.0,0.0,0.0,0.0,0.0,0.0,0.0,0.7961140838762124,0.4998647241542737,9.050541599591574,0.48912174043556056,1.3020483935872713,0.4967909531046947,17.629218836625416,0.4877371850113074,0.0,0.0,0.0,0.0,0.0,0.0,0.0,0.0,0.0,0.0,2.300432042280833,0.7959104746580123,1.504521554708481,0.9639166666666666,0.77525,0.0,0.0,0.0,0.0,0.0,0.0,0.0,0.0,0.18992246091365814,0.4987684418757757,10.72195749282837,0.4880118384957314,0.8027326832214992,0.4960912267367045,20.56976451873779,0.4870278363426526,0.0,0.0,0.0,0.0,0.0,0.0,0.0,0.0,0.0,0.0
37,3.366743739446004,1.3887587333718936,1.9779850075642267,0.91975,0.7036458333333333,0.0,0.0,0.0,0.0,0.0,0.0,0.0,0.0,0.7973706126213074,0.4998647275070349,9.15233954191208,0.4891217440366745,1.304553543527921,0.4967632260173559,17.666823863983154,0.4877086361249288,0.0,0.0,0.0,0.0,0.0,0.0,0.0,0.0,0.0,0.0,2.3061058640480043,0.7967962026596069,1.5093096574147542,0.9643333333333334,0.7754166666666666,0.0,0.0,0.0,0.0,0.0,0.0,0.0,0.0,0.1925469492872556,0.49876844386259717,10.548081143697102,0.48801184048255286,0.8060606340567271,0.49599709510803225,20.725191752115887,0.4869326119621595,0.0,0.0,0.0,0.0,0.0,0.0,0.0,0.0,0.0,0.0
38,3.3628409763177234,1.3871765578786532,1.975664421916008,0.9202708333333334,0.7101875,0.0,0.0,0.0,0.0,0.0,0.0,0.0,0.0,0.7969446025788784,0.49986472353339195,9.036723490556081,0.48912173993885516,1.3024222383896509,0.49681408405303956,17.642810332775117,0.48776175727446874,0.0,0.0,0.0,0.0,0.0,0.0,0.0,0.0,0.0,0.0,2.295677864551544,0.7955619156360626,1.5001159409681957,0.9655,0.7788333333333334,0.0,0.0,0.0,0.0,0.0,0.0,0.0,0.0,0.19074039061864217,0.4987684493263563,10.605307229359944,0.48801184246937435,0.7968115746974945,0.4960110952456792,20.729327805836995,0.48694272140661876,0.0,0.0,0.0,0.0,0.0,0.0,0.0,0.0,0.0,0.0
39,3.3606924295425413,1.3893959268927574,1.9712965110937755,0.9192708333333334,0.7071041666666666,0.0,0.0,0.0,0.0,0.0,0.0,0.0,0.0,0.7983059833447138,0.49986472465097903,9.122522028287252,0.4891217388212681,1.2973557725548743,0.49656704912583033,17.73736926317215,0.48751663180689014,0.0,0.0,0.0,0.0,0.0,0.0,0.0,0.0,0.0,0.0,2.2952089428901674,0.7927815159161885,1.5024274468421936,0.9645,0.7805833333333333,0.0,0.0,0.0,0.0,0.0,0.0,0.0,0.0,0.1895732526977857,0.49876845429341,10.443981870015461,0.48801184445619583,0.8002668231725693,0.4959129278858503,20.624769401550292,0.4868498613437017,0.0,0.0,0.0,0.0,0.0,0.0,0.0,0.0,0.0,0.0
40,3.3647126853466034,1.388602047165235,1.9761106406648954,0.9203333333333333,0.7101041666666666,0.0,0.0,0.0,0.0,0.0,0.0,0.0,0.0,0.7970773674547672,0.4998647248993317,9.16599556406339,0.48912174155314764,1.3025518591205278,0.496760098511974,17.679868547121682,0.4877081754306952,0.0,0.0,0.0,0.0,0.0,0.0,0.0,0.0,0.0,0.0,2.296904218196869,0.7979376534620921,1.4989665528138478,0.964,0.7803333333333333,0.0,0.0,0.0,0.0,0.0,0.0,0.0,0.0,0.19173327932755152,0.4987684448560079,10.743592961629231,0.4880118414759636,0.7946196715037028,0.4958192894856135,20.85276082356771,0.4867513179779053,0.0,0.0,0.0,0.0,0.0,0.0,0.0,0.0,0.0,0.0
41,3.36159485578537,1.3885264948010445,1.9730683614810307,0.9200416666666666,0.7096458333333333,0.0,0.0,0.0,0.0,0.0,0.0,0.0,0.0,0.7982700059811274,0.4998647236575683,9.039176627000172,0.4891217389454444,1.300044132769108,0.4966530424853166,17.63711886405945,0.4876025214791298,0.0,0.0,0.0,0.0,0.0,0.0,0.0,0.0,0.0,0.0,2.311903214454651,0.8007740120093028,1.5111291964848836,0.9626666666666667,0.7753333333333333,0.0,0.0,0.0,0.0,0.0,0.0,0.0,0.0,0.19324052880207698,0.4987684498230616,10.876503515243531,0.48801184246937435,0.8023159086704255,0.4956788326303164,21.313445599873862,0.486616242925326,0.0,0.0,0.0,0.0,0.0,0.0,0.0,0.0,0.0,0.0
42,3.3623892327149707,1.3872657497723897,1.9751234893997511,0.9205,0.70775,0.0,0.0,0.0,0.0,0.0,0.0,0.0,0.0,0.7966317390402158,0.49986472067733606,9.076928915580114,0.4891217359652122,1.3018935054540635,0.4966118720670541,17.661811379591622,0.4875610036154588,0.0,0.0,0.0,0.0,0.0,0.0,0.0,0.0,0.0,0.0,2.2988359332084656,0.8018121004104615,1.497023848692576,0.96475,0.7765,0.0,0.0,0.0,0.0,0.0,0.0,0.0,0.0,0.18987228150169055,0.4987684498230616,11.31713727315267,0.4880118434627851,0.7934949845075607,0.496357033153375,20.717184098561606,0.4872865006327629,0.0,0.0,0.0,0.0,0.0,0.0,0.0,0.0,0.0,0.0
43,3.357744919260343,1.3865633154908816,1.9711816092332204,0.9213541666666667,0.7100625,0.0,0.0,0.0,0.0,0.0,0.0,0.0,0.0,0.7964189348121484,0.4998647221674522,9.02796579003334,0.4891217383245627,1.2974725956718127,0.4967325873672962,17.697642795244853,0.4876823369413614,0.0,0.0,0.0,0.0,0.0,0.0,0.0,0.0,0.0,0.0,2.2814485907554625,0.7943542500336965,1.4870943446954092,0.9649166666666666,0.7849166666666667,0.0,0.0,0.0,0.0,0.0,0.0,0.0,0.0,0.18965467636783917,0.49876845081647236,10.59311286608378,0.48801184395949043,0.7859789719184239,0.495937712987264,20.517766284942628,0.4868777930736542,0.0,0.0,0.0,0.0,0.0,0.0,0.0,0.0,0.0,0.0
44,3.3567434440056485,1.386005282898744,1.970738156636556,0.91875,0.7118333333333333,0.0,0.0,0.0,0.0,0.0,0.0,0.0,0.0,0.7959043219685554,0.49986472229162854,9.023623472452163,0.48912173869709175,1.2980861142277718,0.49662638232111933,17.60256634950638,0.48757915645837785,0.0,0.0,0.0,0.0,0.0,0.0,0.0,0.0,0.0,0.0,2.293007183074951,0.7942554543415705,1.498751739660899,0.9655,0.7845833333333333,0.0,0.0,0.0,0.0,0.0,0.0,0.0,0.0,0.1903311289846897,0.49876844783624014,10.515587933858235,0.4880118429660797,0.7878410935401916,0.4960631772875786,21.48474750518799,0.487006547053655,0.0,0.0,0.0,0.0,0.0,0.0,0.0,0.0,0.0,0.0
45,3.356238712867101,1.3841808935006459,1.9720578109224638,0.9216875,0.7122916666666667,0.0,0.0,0.0,0.0,0.0,0.0,0.0,0.0,0.7927761966983478,0.4998647256443898,9.153997311989466,0.48912174043556056,1.2984384795029957,0.49673670070866743,17.68826337258021,0.48768789060413836,0.0,0.0,0.0,0.0,0.0,0.0,0.0,0.0,0.0,0.0,2.2910218636194863,0.7953478008508682,1.4956740736961365,0.9646666666666667,0.7824166666666666,0.0,0.0,0.0,0.0,0.0,0.0,0.0,0.0,0.1888089415927728,0.498768450319767,10.777041021982829,0.4880118434627851,0.7852971941232681,0.49610113898913066,21.427574316660564,0.48704089870055517,0.0,0.0,0.0,0.0,0.0,0.0,0.0,0.0,0.0,0.0
46,3.3603232890367507,1.3859033187230427,1.9744199737906456,0.9203958333333333,0.7101041666666666,0.0,0.0,0.0,0.0,0.0,0.0,0.0,0.0,0.7950326422850291,0.4998647220432758,9.100595114628474,0.4891217385729154,1.300124276181062,0.4967215503255526,17.757415370146433,0.487673008069396,0.0,0.0,0.0,0.0,0.0,0.0,0.0,0.0,0.0,0.0,2.2994939645131427,0.800083942214648,1.4994100352128348,0.9651666666666666,0.7801666666666667,0.0,0.0,0.0,0.0,0.0,0.0,0.0,0.0,0.18960200647513073,0.4987684448560079,11.171348841985067,0.4880118394891421,0.7865421156088511,0.4958024506767591,21.706547514597574,0.4867449695865313,0.0,0.0,0.0,0.0,0.0,0.0,0.0,0.0,0.0,0.0
47,3.359793124596278,1.3867123529314995,1.9730807711680731,0.9221875,0.7125208333333334,0.0,0.0,0.0,0.0,0.0,0.0,0.0,0.0,0.7957276610036691,0.4998647257685661,9.111996938784918,0.4891217414289713,1.2986031045516333,0.496697324514389,17.77803424994151,0.48764938736955327,0.0,0.0,0.0,0.0,0.0,0.0,0.0,0.0,0.0,0.0,2.3025249163309733,0.798157149553299,1.504367756843567,0.9650833333333333,0.7841666666666667,0.0,0.0,0.0,0.0,0.0,0.0,0.0,0.0,0.18844899237155915,0.49876845131317776,11.093970775604248,0.48801184048255286,0.7920449604590734,0.495524296661218,21.679851214090984,0.4864632601539294,0.0,0.0,0.0,0.0,0.0,0.0,0.0,0.0,0.0,0.0
48,3.35666935245196,1.3849178949991863,1.9717514629165331,0.9210416666666666,0.7100208333333333,0.0,0.0,0.0,0.0,0.0,0.0,0.0,0.0,0.7940484493970871,0.4998647221674522,9.100472350915274,0.4891217391937971,1.2974335268139838,0.49656511607269443,17.775282271703084,0.4875195184101661,0.0,0.0,0.0,0.0,0.0,0.0,0.0,0.0,0.0,0.0,2.2760640263557432,0.7956593493620555,1.4804046670595805,0.96525,0.7824166666666666,0.0,0.0,0.0,0.0,0.0,0.0,0.0,0.0,0.18991686527927717,0.4987684498230616,10.697403478622437,0.48801184395949043,0.7853424151738485,0.49590796530246734,19.915428670247397,0.48685044000546135,0.0,0.0,0.0,0.0,0.0,0.0,0.0,0.0,0.0,0.0
49,3.358451696236928,1.3857096220056215,1.972742075721423,0.9228125,0.7114166666666667,0.0,0.0,0.0,0.0,0.0,0.0,0.0,0.0,0.794309088587761,0.49986472676197685,9.15358041326205,0.4891217429190874,1.2986340547601383,0.496772459273537,17.733556656042733,0.48772437758743764,0.0,0.0,0.0,0.0,0.0,0.0,0.0,0.0,0.0,0.0,2.295679008960724,0.7934568653504054,1.5022221287091573,0.96425,0.78,0.0,0.0,0.0,0.0,0.0,0.0,0.0,0.0,0.19018482615550358,0.4987684493263563,10.450358931223551,0.48801184197266895,0.7938659499088924,0.49574372669061023,21.26124645868937,0.48668969025214515,0.0,0.0,0.0,0.0,0.0,0.0,0.0,0.0,0.0,0.0
50,3.3605691502491633,1.3850837434331575,1.9754854043324788,0.9234375,0.7092708333333333,0.0,0.0,0.0,0.0,0.0,0.0,0.0,0.0,0.7938939409951369,0.49986472266415755,9.132508232196171,0.4891217405597369,1.3003355984886487,0.4967786055058241,17.837119789918265,0.4877305849144856,0.0,0.0,0.0,0.0,0.0,0.0,0.0,0.0,0.0,0.0,2.309679647286733,0.7980848928292592,1.5115947465101878,0.9625,0.7784166666666666,0.0,0.0,0.0,0.0,0.0,0.0,0.0,0.0,0.19154054274161655,0.49876844336589177,10.777590878804524,0.48801183998584746,0.7968930910031001,0.4957849914828936,21.891668446858723,0.4867264727751414,0.0,0.0,0.0,0.0,0.0,0.0,0.0,0.0,0.0,0.0
51,3.359349336226781,1.3873417193690936,1.9720076233148576,0.9220416666666666,0.71325,0.0,0.0,0.0,0.0,0.0,0.0,0.0,0.0,0.7966029964387417,0.4998647234092156,9.087399778763453,0.4891217391937971,1.2979255110025405,0.49656179373462994,17.752032303810118,0.48751934096217153,0.0,0.0,0.0,0.0,0.0,0.0,0.0,0.0,0.0,0.0,2.300269301732381,0.7978989452123642,1.5023703634738923,0.964,0.7836666666666666,0.0,0.0,0.0,0.0,0.0,0.0,0.0,0.0,0.18986370811859768,0.4987684468428294,10.926679356892903,0.4880118409792582,0.7854913294315338,0.4956479012966156,22.123113695780436,0.4865936994552612,0.0,0.0,0.0,0.0,0.0,0.0,0.0,0.0,0.0,0.0
52,3.355651134252548,1.3834903046488762,1.9721608221530915,0.9220416666666666,0.7131041666666667,0.0,0.0,0.0,0.0,0.0,0.0,0.0,0.0,0.7926201884945233,0.4998647229125102,9.100539006789525,0.4891217405597369,1.297869532306989,0.49664152848223847,17.764976779619854,0.4875970852871736,0.0,0.0,0.0,0.0,0.0,0.0,0.0,0.0,0.0,0.0,2.2882148543993632,0.7941810260216395,1.49403382341067,0.9655,0.7843333333333333,0.0,0.0,0.0,0.0,0.0,0.0,0.0,0.0,0.18873078847924868,0.49876844584941865,10.668179448445638,0.48801183998584746,0.7859561085700989,0.4954614147543907,21.261629168192545,0.48640232036511105,0.0,0.0,0.0,0.0,0.0,0.0,0.0,0.0,0.0,0.0
53,3.3550914943218233,1.382954936226209,1.972136562069257,0.9232291666666667,0.7145625,0.0,0.0,0.0,0.0,0.0,0.0,0.0,0.0,0.7922514279683431,0.4998647200564543,9.083878888686497,0.48912173820038635,1.2978090927004815,0.49648734256625177,17.78401302099228,0.4874430698653062,0.0,0.0,0.0,0.0,0.0,0.0,0.0,0.0,0.0,0.0,2.289603614807129,0.79410273929437,1.495500878492991,0.9651666666666666,0.7854166666666667,0.0,0.0,0.0,0.0,0.0,0.0,0.0,0.0,0.18836037206153075,0.49876844584941865,10.697392749786378,0.4880118414759636,0.7856278439362844,0.49593595663706463,21.39370803833008,0.48687830517689384,0.0,0.0,0.0,0.0,0.0,0.0,0.0,0.0,0.0,0.0
54,3.3548806617657343,1.3855115274588268,1.9693691372871398,0.922,0.7125625,0.0,0.0,0.0,0.0,0.0,0.0,0.0,0.0,0.794564389437437,0.49986472179492314,9.108241760730744,0.48912173807621,1.2951340864102046,0.49666577217479546,17.756928328673045,0.4876200852294763,0.0,0.0,0.0,0.0,0.0,0.0,0.0,0.0,0.0,0.0,2.2914409756660463,0.7944726020097732,1.4969683647155763,0.96325,0.7811666666666667,0.0,0.0,0.0,0.0,0.0,0.0,0.0,0.0,0.19124066432317097,0.49876845826705296,10.44634804725647,0.4880118509133657,0.7934942831595738,0.4958366319537163,20.76374559402466,0.4867824455102285,0.0,0.0,0.0,0.0,0.0,0.0,0.0,0.0,0.0,0.0
55,3.3549219727516175,1.3871452624599139,1.9677767177422842,0.9226666666666666,0.713,0.0,0.0,0.0,0.0,0.0,0.0,0.0,0.0,0.795595196634531,0.49986472427845,9.168534356355668,0.48912173993885516,1.2926642020543417,0.49669377543032167,17.841875040531157,0.4876496092726787,0.0,0.0,0.0,0.0,0.0,0.0,0.0,0.0,0.0,0.0,2.287409484386444,0.7956089228391647,1.4918005426724752,0.96325,0.7821666666666667,0.0,0.0,0.0,0.0,0.0,0.0,0.0,0.0,0.19149485205610592,0.4987684523065885,10.534561777114869,0.4880118454496066,0.7867750565210978,0.49595854977766674,20.906694602966308,0.4868992601831754,0.0,0.0,0.0,0.0,0.0,0.0,0.0,0.0,0.0,0.0
56,3.3545025398333865,1.3846122334400812,1.9698903113603592,0.91975,0.7096458333333333,0.0,0.0,0.0,0.0,0.0,0.0,0.0,0.0,0.7932273556788763,0.4998647232850393,9.152015604575475,0.48912174018720783,1.2957172592480977,0.496567964553833,17.760508712132772,0.4875228370229403,0.0,0.0,0.0,0.0,0.0,0.0,0.0,0.0,0.0,0.0,2.2889103452364603,0.7974395881096522,1.4914707680543264,0.965,0.7845,0.0,0.0,0.0,0.0,0.0,0.0,0.0,0.0,0.19031592508157094,0.49876844584941865,10.835521777470907,0.48801184048255286,0.781347531080246,0.4953257660071055,21.47974853515625,0.48626986940701805,0.0,0.0,0.0,0.0,0.0,0.0,0.0,0.0,0.0,0.0
57,3.354960186282794,1.3855081667502722,1.96945202400287,0.9214583333333334,0.7106875,0.0,0.0,0.0,0.0,0.0,0.0,0.0,0.0,0.7944510340690613,0.49986472353339195,9.119241301218668,0.48912174105644224,1.2962686449289322,0.49661403422554334,17.656934666633607,0.48757048696279526,0.0,0.0,0.0,0.0,0.0,0.0,0.0,0.0,0.0,0.0,2.2964729984601338,0.7956106245517731,1.5008623758951822,0.9645,0.77875,0.0,0.0,0.0,0.0,0.0,0.0,0.0,0.0,0.18886692722638448,0.49876845329999925,10.797524531682333,0.48801184743642806,0.7911748299996059,0.49555420080820717,21.41333433787028,0.4865098312497139,0.0,0.0,0.0,0.0,0.0,0.0,0.0,0.0,0.0,0.0
58,3.3536955922842027,1.3861023704210917,1.9675932283202806,0.9211666666666667,0.7125208333333334,0.0,0.0,0.0,0.0,0.0,0.0,0.0,0.0,0.7956762882570426,0.4998647225399812,9.056135827302933,0.4891217389454444,1.2936057632168134,0.4965241971115271,17.746326947212218,0.4874830330411593,0.0,0.0,0.0,0.0,0.0,0.0,0.0,0.0,0.0,0.0,2.303179983297984,0.7991581400235493,1.504021829366684,0.9630833333333333,0.7824166666666666,0.0,0.0,0.0,0.0,0.0,0.0,0.0,0.0,0.19172199666500092,0.49876845081647236,10.866769933700562,0.48801184246937435,0.7892591228087743,0.4959206392367681,21.884208393096923,0.4868596663077672,0.0,0.0,0.0,0.0,0.0,0.0,0.0,0.0,0.0,0.0
59,3.35317079325517,1.3839927698175112,1.969178036848704,0.9222708333333334,0.7136875,0.0,0.0,0.0,0.0,0.0,0.0,0.0,0.0,0.7934866306682428,0.4998647221674522,9.064141555627186,0.48912173820038635,1.2942111060023307,0.49672709641357266,17.82398467063904,0.4876795753836632,0.0,0.0,0.0,0.0,0.0,0.0,0.0,0.0,0.0,0.0,2.2706186413764953,0.7944996704657873,1.4761189738909404,0.9641666666666666,0.78925,0.0,0.0,0.0,0.0,0.0,0.0,0.0,0.0,0.18959583168228467,0.4987684448560079,10.613539775212606,0.48801183750232063,0.7766024281581243,0.49551659971475603,20.399995708465575,0.4864746858676275,0.0,0.0,0.0,0.0,0.0,0.0,0.0,0.0,0.0,0.0
60,3.3501937448978425,1.380474645892779,1.9697191074490548,0.9236041666666667,0.7119791666666667,0.0,0.0,0.0,0.0,0.0,0.0,0.0,0.0,0.7900738763312499,0.4998647225399812,9.053605033953984,0.48912174068391323,1.2956453278660773,0.4966986279934645,17.7375155210495,0.48765531020859876,0.0,0.0,0.0,0.0,0.0,0.0,0.0,0.0,0.0,0.0,2.2827006061871846,0.7975512196620306,1.4851493954658508,0.9645,0.78525,0.0,0.0,0.0,0.0,0.0,0.0,0.0,0.0,0.19038283849755924,0.49876844783624014,10.839993572235107,0.4880118429660797,0.784486573934555,0.49564817051092785,20.50146589279175,0.48659822593132657,0.0,0.0,0.0,0.0,0.0,0.0,0.0,0.0,0.0,0.0
61,3.3543439795573553,1.385301512479782,1.9690424755215645,0.9212708333333334,0.7120833333333333,0.0,0.0,0.0,0.0,0.0,0.0,0.0,0.0,0.7945166505873203,0.4998647216707468,9.092014185587566,0.48912173869709175,1.2950923457741736,0.4966633778065443,17.728675429026286,0.48761939244965713,0.0,0.0,0.0,0.0,0.0,0.0,0.0,0.0,0.0,0.0,2.289592778682709,0.7987562318642935,1.490836544831594,0.9645833333333333,0.7875833333333333,0.0,0.0,0.0,0.0,0.0,0.0,0.0,0.0,0.1910818561911583,0.4987684443593025,10.890593306223552,0.4880118394891421,0.7802122334639231,0.49531525721152625,21.530905723571777,0.4862706422805786,0.0,0.0,0.0,0.0,0.0,0.0,0.0,0.0,0.0,0.0
62,3.348961160580317,1.3811708336075148,1.9677903220057487,0.922625,0.7117916666666667,0.0,0.0,0.0,0.0,0.0,0.0,0.0,0.0,0.7907188495000204,0.49986472092568873,9.05872664252917,0.4891217365860939,1.2937839632232984,0.49652871675789356,17.747764964898426,0.4874854825437069,0.0,0.0,0.0,0.0,0.0,0.0,0.0,0.0,0.0,0.0,2.2785770734151205,0.7950674394766489,1.483509624004364,0.96575,0.7875833333333333,0.0,0.0,0.0,0.0,0.0,0.0,0.0,0.0,0.1902359750121832,0.49876845081647236,10.606301879882812,0.48801184495290123,0.7812723249197007,0.4956871117154757,20.65501985549927,0.48663565615812937,0.0,0.0,0.0,0.0,0.0,0.0,0.0,0.0,0.0,0.0
63,3.3561697711547214,1.3846538573503495,1.971515918771426,0.9233125,0.7127708333333334,0.0,0.0,0.0,0.0,0.0,0.0,0.0,0.0,0.7944815630714098,0.49986472142239413,9.030757486820221,0.48912173906962075,1.2974415029088655,0.4966560738782088,17.741834084192913,0.48761165390412015,0.0,0.0,0.0,0.0,0.0,0.0,0.0,0.0,0.0,0.0,2.288783073425293,0.7940979570150375,1.4946851313114167,0.9646666666666667,0.7839166666666667,0.0,0.0,0.0,0.0,0.0,0.0,0.0,0.0,0.1899663103123506,0.49876844733953474,10.536319494247437,0.48801184395949043,0.7832588116327922,0.49566367268562317,21.576265080769858,0.48660047352313995,0.0,0.0,0.0,0.0,0.0,0.0,0.0,0.0,0.0,0.0
64,3.35328950881958,1.3824550822377204,1.970834423104922,0.92175,0.7132291666666667,0.0,0.0,0.0,0.0,0.0,0.0,0.0,0.0,0.7920628401140372,0.4998647232850393,9.052751739819845,0.48912174018720783,1.2968159993489583,0.4966794580221176,17.73389681180318,0.48763411281009517,0.0,0.0,0.0,0.0,0.0,0.0,0.0,0.0,0.0,0.0,2.282616368929545,0.7924559831619262,1.490160385767619,0.9635833333333333,0.7835833333333333,0.0,0.0,0.0,0.0,0.0,0.0,0.0,0.0,0.18855850646893182,0.49876845280329385,10.512902371088664,0.4880118464430173,0.7914869904518127,0.4955970341960589,20.307635815938315,0.48654219855864844,0.0,0.0,0.0,0.0,0.0,0.0,0.0,0.0,0.0,0.0
65,3.3503388971090318,1.3831581930319468,1.9671806996067365,0.9227916666666667,0.71225,0.0,0.0,0.0,0.0,0.0,0.0,0.0,0.0,0.7926095376412073,0.49986472477515537,9.068393818537395,0.4891217418015003,1.2925987482070922,0.4966494059811036,17.793255273501078,0.4876059748232365,0.0,0.0,0.0,0.0,0.0,0.0,0.0,0.0,0.0,0.0,2.285942081610362,0.7956812292337417,1.4902608513832092,0.96525,0.7868333333333334,0.0,0.0,0.0,0.0,0.0,0.0,0.0,0.0,0.1883257309595744,0.49876845329999925,10.858704471588135,0.488011845946312,0.7852327585220337,0.4955097963412603,20.95183013280233,0.4864612489938736,0.0,0.0,0.0,0.0,0.0,0.0,0.0,0.0,0.0,0.0
66,3.3532209674517315,1.3845209096868833,1.9687000592549642,0.9225625,0.7120625,0.0,0.0,0.0,0.0,0.0,0.0,0.0,0.0,0.7933952997128169,0.4998647216707468,9.126088384787241,0.48912173906962075,1.2943301608165105,0.49674219687779747,17.762770291169485,0.4876960008094708,0.0,0.0,0.0,0.0,0.0,0.0,0.0,0.0,0.0,0.0,2.2911487738291423,0.7974488208691279,1.4936999440193177,0.96625,0.7819166666666667,0.0,0.0,0.0,0.0,0.0,0.0,0.0,0.0,0.1902147670586904,0.49876845329999925,10.84656057357788,0.488011845946312,0.7886333366235098,0.49581123888492584,20.925537395477296,0.4867494945724805,0.0,0.0,0.0,0.0,0.0,0.0,0.0,0.0,0.0,0.0
67,3.358572531739871,1.386486971875032,1.972085567812125,0.9213541666666667,0.7106041666666667,0.0,0.0,0.0,0.0,0.0,0.0,0.0,0.0,0.7957629794875781,0.49986472067733606,9.085927071173986,0.4891217384487391,1.297551297644774,0.4966150702287753,17.79192051490148,0.4875700277586778,0.0,0.0,0.0,0.0,0.0,0.0,0.0,0.0,0.0,0.0,2.294990034898122,0.7967971156040827,1.4981929302215575,0.9663333333333334,0.783,0.0,0.0,0.0,0.0,0.0,0.0,0.0,0.0,0.18944105630119643,0.49876844733953474,10.858761215209961,0.4880118414759636,0.7900804311037064,0.49589150498310725,21.222099177042644,0.4868419880668322,0.0,0.0,0.0,0.0,0.0,0.0,0.0,0.0,0.0,0.0
68,3.3566820402940114,1.3849655206004778,1.97171651472648,0.9231458333333333,0.7111875,0.0,0.0,0.0,0.0,0.0,0.0,0.0,0.0,0.793849432716767,0.49986472527186077,9.125136836369832,0.48912174080808957,1.2976933931310972,0.49658856478830177,17.743456280231477,0.48754575525720917,0.0,0.0,0.0,0.0,0.0,0.0,0.0,0.0,0.0,0.0,2.2785632491111754,0.7941821585098903,1.484381103515625,0.96425,0.7843333333333333,0.0,0.0,0.0,0.0,0.0,0.0,0.0,0.0,0.18803350428740184,0.4987684498230616,10.738020372390746,0.48801184197266895,0.7855664441982905,0.49538406332333884,20.343060207366943,0.48633159150679905,0.0,0.0,0.0,0.0,0.0,0.0,0.0,0.0,0.0,0.0
69,3.3529770215352377,1.3826469004154205,1.9703301250934602,0.9221875,0.7129166666666666,0.0,0.0,0.0,0.0,0.0,0.0,0.0,0.0,0.7925971684356531,0.4998647256443898,9.018501053253809,0.4891217426707347,1.2966967354218164,0.4968174488594135,17.68159455060959,0.48777299200495083,0.0,0.0,0.0,0.0,0.0,0.0,0.0,0.0,0.0,0.0,2.2960830450057985,0.7967982411384582,1.4992848138014476,0.9648333333333333,0.78275,0.0,0.0,0.0,0.0,0.0,0.0,0.0,0.0,0.19005449563264848,0.4987684468428294,10.797530253728231,0.4880118429660797,0.7926470001538595,0.49579379161198933,21.084401734670003,0.48673004458347957,0.0,0.0,0.0,0.0,0.0,0.0,0.0,0.0,0.0,0.0
70,3.349542803565661,1.3834200570980708,1.9661227509379386,0.9215416666666667,0.7144791666666667,0.0,0.0,0.0,0.0,0.0,0.0,0.0,0.0,0.7929986529052258,0.49986472440262636,9.05566790898641,0.48912174242238204,1.2916896189252536,0.49667746263245743,17.775567571322124,0.4876334516952435,0.0,0.0,0.0,0.0,0.0,0.0,0.0,0.0,0.0,0.0,2.2810600479443868,0.7929594198862712,1.4881006201108298,0.9650833333333333,0.7831666666666667,0.0,0.0,0.0,0.0,0.0,0.0,0.0,0.0,0.1902927281955878,0.49876845081647236,10.38982408841451,0.4880118454496066,0.7856333762407303,0.4958645929892858,20.66026544570923,0.48681546996037167,0.0,0.0,0.0,0.0,0.0,0.0,0.0,0.0,0.0,0.0
71,3.3499411841233573,1.3814429601033529,1.9684982165694236,0.9242708333333334,0.7122291666666667,0.0,0.0,0.0,0.0,0.0,0.0,0.0,0.0,0.7911681162814299,0.4998647221674522,9.04101340373357,0.4891217389454444,1.2936989277601243,0.4966162171214819,17.818307503064474,0.48757362080117067,0.0,0.0,0.0,0.0,0.0,0.0,0.0,0.0,0.0,0.0,2.285478448867798,0.7935687224070231,1.4919097244739532,0.9654166666666667,0.7813333333333333,0.0,0.0,0.0,0.0,0.0,0.0,0.0,0.0,0.18887772113084794,0.498768446346124,10.592256244023641,0.4880118394891421,0.7854595859845479,0.4955015947421392,21.09485451380412,0.48644484728574755,0.0,0.0,0.0,0.0,0.0,0.0,0.0,0.0,0.0,0.0
72,3.3572278141975405,1.3873699973026912,1.96985781788826,0.9201458333333333,0.7144166666666667,0.0,0.0,0.0,0.0,0.0,0.0,0.0,0.0,0.7967507662872474,0.49986472104986507,9.075451010465622,0.4891217396905025,1.2941071073214212,0.49664081695179146,17.910989570617676,0.4876006167382002,0.0,0.0,0.0,0.0,0.0,0.0,0.0,0.0,0.0,0.0,2.283079743385315,0.793218602736791,1.489861144622167,0.96325,0.7823333333333333,0.0,0.0,0.0,0.0,0.0,0.0,0.0,0.0,0.1917075090110302,0.49876844733953474,10.274264907836914,0.48801184048255286,0.7963551412026088,0.49575124531984327,19.77547690073649,0.4866928537686666,0.0,0.0,0.0,0.0,0.0,0.0,0.0,0.0,0.0,0.0
73,3.347774308919907,1.3797540664672852,1.9680202469229697,0.922375,0.7143333333333334,0.0,0.0,0.0,0.0,0.0,0.0,0.0,0.0,0.7899899378418922,0.49986472067733606,8.989941088358561,0.4891217385729154,1.2936399936676026,0.49657093385855355,17.780932688713072,0.48752851175765194,0.0,0.0,0.0,0.0,0.0,0.0,0.0,0.0,0.0,0.0,2.282379424571991,0.790604896346728,1.4917745292186737,0.9644166666666667,0.7834166666666667,0.0,0.0,0.0,0.0,0.0,0.0,0.0,0.0,0.1891089462985595,0.4987684483329455,10.272750234603881,0.4880118429660797,0.7875520000855128,0.49569368809461595,20.852884833017985,0.48664089987675346,0.0,0.0,0.0,0.0,0.0,0.0,0.0,0.0,0.0,0.0
74,3.349691794315974,1.3827818329135577,1.9669099524617195,0.9222708333333334,0.7145833333333333,0.0,0.0,0.0,0.0,0.0,0.0,0.0,0.0,0.7927890924115976,0.49986472465097903,9.012801613410314,0.48912174192567665,1.2923194785912833,0.496661772330602,17.7928706963857,0.48762222689886886,0.0,0.0,0.0,0.0,0.0,0.0,0.0,0.0,0.0,0.0,2.28541384935379,0.793930196762085,1.4914836585521698,0.9640833333333333,0.7871666666666667,0.0,0.0,0.0,0.0,0.0,0.0,0.0,0.0,0.1888372965157032,0.4987684483329455,10.63244522412618,0.48801184246937435,0.783788780371348,0.4956184357404709,21.207645003000895,0.4865685388445854,0.0,0.0,0.0,0.0,0.0,0.0,0.0,0.0,0.0,0.0
